train_start,train_end,validation_start,validation_end,test_date,prediction,actual,mae
2025-05-08 05:15:00,2025-05-20 11:30:00,2025-05-20 11:45:00,2025-05-23 08:15:00,2025-05-23 08:30:00,0.001429242,0.0018958406791895,0.0004665987136646477
2025-05-08 05:30:00,2025-05-20 11:45:00,2025-05-20 12:00:00,2025-05-23 08:30:00,2025-05-23 08:45:00,0.0016123126,0.0018959344773604,0.00028362185126677405
2025-05-08 05:45:00,2025-05-20 12:00:00,2025-05-20 12:15:00,2025-05-23 08:45:00,2025-05-23 09:00:00,0.0017776559,0.0018903094890384,0.0001126535783378404
2025-05-08 06:00:00,2025-05-20 12:15:00,2025-05-20 12:30:00,2025-05-23 09:00:00,2025-05-23 09:15:00,0.0017979864,0.0019779196115277,0.000179933161853928
2025-05-08 06:15:00,2025-05-20 12:30:00,2025-05-20 12:45:00,2025-05-23 09:15:00,2025-05-23 09:30:00,0.0017980917,0.0020345842435286,0.00023649255440389653
2025-05-08 06:30:00,2025-05-20 12:45:00,2025-05-20 13:00:00,2025-05-23 09:30:00,2025-05-23 09:45:00,0.0018249613,0.0020354444768064,0.0002104832000814653
2025-05-08 06:45:00,2025-05-20 13:00:00,2025-05-20 13:15:00,2025-05-23 09:45:00,2025-05-23 10:00:00,0.0018408084,0.0021136193180253,0.00027281088920135194
2025-05-08 07:00:00,2025-05-20 13:15:00,2025-05-20 13:30:00,2025-05-23 10:00:00,2025-05-23 10:15:00,0.0018572804,0.0021168172139276,0.00025953683197239364
2025-05-08 07:15:00,2025-05-20 13:30:00,2025-05-20 13:45:00,2025-05-23 10:15:00,2025-05-23 10:30:00,0.0018798143,0.0020807001306666,0.0002008858169419629
2025-05-08 07:30:00,2025-05-20 13:45:00,2025-05-20 14:00:00,2025-05-23 10:30:00,2025-05-23 10:45:00,0.0019216565,0.0021108733019392,0.00018921676041288226
2025-05-08 07:45:00,2025-05-20 14:00:00,2025-05-20 14:15:00,2025-05-23 10:45:00,2025-05-23 11:00:00,0.0019432855,0.0021189695328847,0.00017568407230083433
2025-05-08 08:00:00,2025-05-20 14:15:00,2025-05-20 14:30:00,2025-05-23 11:00:00,2025-05-23 11:15:00,0.0019960192,0.002163466608964,0.0001674474523142913
2025-05-08 08:15:00,2025-05-20 14:30:00,2025-05-20 14:45:00,2025-05-23 11:15:00,2025-05-23 11:30:00,0.0020111888,0.0021800077160232,0.00016881894444751048
2025-05-08 08:30:00,2025-05-20 14:45:00,2025-05-20 15:00:00,2025-05-23 11:30:00,2025-05-23 11:45:00,0.0020074733,0.0021656500148044,0.00015817675464013933
2025-05-08 08:45:00,2025-05-20 15:00:00,2025-05-20 15:15:00,2025-05-23 11:45:00,2025-05-23 12:00:00,0.0020200526,0.0021400396542379,0.00011998702005830766
2025-05-08 09:00:00,2025-05-20 15:15:00,2025-05-20 15:30:00,2025-05-23 12:00:00,2025-05-23 12:15:00,0.0020342574,0.0021389780352684,0.00010472063635012883
2025-05-08 09:15:00,2025-05-20 15:30:00,2025-05-20 15:45:00,2025-05-23 12:15:00,2025-05-23 12:30:00,0.0020405706,0.0021417248174597,0.00010115421563875425
2025-05-08 09:30:00,2025-05-20 15:45:00,2025-05-20 16:00:00,2025-05-23 12:30:00,2025-05-23 12:45:00,0.0020482861,0.002140710397962,9.242425427165215e-05
2025-05-08 09:45:00,2025-05-20 16:00:00,2025-05-20 16:15:00,2025-05-23 12:45:00,2025-05-23 13:00:00,0.0020465571,0.0021778112669842,0.00013125412365362589
2025-05-08 10:00:00,2025-05-20 16:15:00,2025-05-20 16:30:00,2025-05-23 13:00:00,2025-05-23 13:15:00,0.0020325987,0.0022092315801307,0.00017663286671781896
2025-05-08 10:15:00,2025-05-20 16:30:00,2025-05-20 16:45:00,2025-05-23 13:15:00,2025-05-23 13:30:00,0.0020264566,0.0022199339478688,0.00019347730683550802
2025-05-08 10:30:00,2025-05-20 16:45:00,2025-05-20 17:00:00,2025-05-23 13:30:00,2025-05-23 13:45:00,0.0020357184,0.0021522437863209,0.00011652537511370109
2025-05-08 10:45:00,2025-05-20 17:00:00,2025-05-20 17:15:00,2025-05-23 13:45:00,2025-05-23 14:00:00,0.001996796,0.0016650056266532,0.0003317904858543817
2025-05-08 11:00:00,2025-05-20 17:15:00,2025-05-20 17:30:00,2025-05-23 14:00:00,2025-05-23 14:15:00,0.0019978688,0.001454738841924,0.000543129921358895
2025-05-08 11:15:00,2025-05-20 17:30:00,2025-05-20 17:45:00,2025-05-23 14:15:00,2025-05-23 14:30:00,0.0019677712,0.001401263346401,0.0005665078652380467
2025-05-08 11:30:00,2025-05-20 17:45:00,2025-05-20 18:00:00,2025-05-23 14:30:00,2025-05-23 14:45:00,0.001887509,0.0013564080462562,0.000531100970995232
2025-05-08 11:45:00,2025-05-20 18:00:00,2025-05-20 18:15:00,2025-05-23 14:45:00,2025-05-23 15:00:00,0.0018053255,0.0013560039164279,0.0004493215879644854
2025-05-08 12:00:00,2025-05-20 18:15:00,2025-05-20 18:30:00,2025-05-23 15:00:00,2025-05-23 15:15:00,0.0016528944,0.001428937073318,0.00022395735188788634
2025-05-08 12:15:00,2025-05-20 18:30:00,2025-05-20 18:45:00,2025-05-23 15:15:00,2025-05-23 15:30:00,0.0015129411,0.0014181740805558,9.47670089029636e-05
2025-05-08 12:30:00,2025-05-20 18:45:00,2025-05-20 19:00:00,2025-05-23 15:30:00,2025-05-23 15:45:00,0.0014686926,0.0014691874514099997,4.948944550794195e-07
2025-05-08 12:45:00,2025-05-20 19:00:00,2025-05-20 19:15:00,2025-05-23 15:45:00,2025-05-23 16:00:00,0.0014246053,0.0014324709344192,7.865674747392637e-06
2025-05-08 13:00:00,2025-05-20 19:15:00,2025-05-20 19:30:00,2025-05-23 16:00:00,2025-05-23 16:15:00,0.0014322391,0.0014241533996173,8.08567836798669e-06
2025-05-08 13:15:00,2025-05-20 19:30:00,2025-05-20 19:45:00,2025-05-23 16:15:00,2025-05-23 16:30:00,0.0014578891,0.0013414495331743,0.00011643956549975886
2025-05-08 13:30:00,2025-05-20 19:45:00,2025-05-20 20:00:00,2025-05-23 16:30:00,2025-05-23 16:45:00,0.0014758083,0.0016840576301503,0.00020824930306403023
2025-05-08 13:45:00,2025-05-20 20:00:00,2025-05-21 04:00:00,2025-05-23 16:45:00,2025-05-23 17:00:00,0.0014839256,0.0020785464019488,0.0005946207837175034
2025-05-08 14:00:00,2025-05-21 04:00:00,2025-05-21 04:15:00,2025-05-23 17:00:00,2025-05-23 17:15:00,0.0015430897,0.0020240288953069,0.00048093914787800595
2025-05-08 14:15:00,2025-05-21 04:15:00,2025-05-21 04:30:00,2025-05-23 17:15:00,2025-05-23 17:30:00,0.0016008314,0.0020228522608449,0.0004220208630358116
2025-05-08 14:30:00,2025-05-21 04:30:00,2025-05-21 04:45:00,2025-05-23 17:30:00,2025-05-23 17:45:00,0.0016967934,0.0019930528699994,0.00029625950750111676
2025-05-08 14:45:00,2025-05-21 04:45:00,2025-05-21 05:00:00,2025-05-23 17:45:00,2025-05-23 18:00:00,0.0018075592,0.0019817430160045,0.00017418385083222115
2025-05-08 15:00:00,2025-05-21 05:00:00,2025-05-21 05:15:00,2025-05-23 18:00:00,2025-05-23 18:15:00,0.0019347388,0.0019475524822916,1.2813652559658844e-05
2025-05-08 15:15:00,2025-05-21 05:15:00,2025-05-21 05:30:00,2025-05-23 18:15:00,2025-05-23 18:30:00,0.0019458309,0.0019474926031436,1.6617215479884824e-06
2025-05-08 15:30:00,2025-05-21 05:30:00,2025-05-21 05:45:00,2025-05-23 18:30:00,2025-05-23 18:45:00,0.0019065455,0.0019388690513182,3.232356781098411e-05
2025-05-08 15:45:00,2025-05-21 05:45:00,2025-05-21 06:00:00,2025-05-23 18:45:00,2025-05-23 19:00:00,0.001891318,0.0019361577581088,4.483974794251247e-05
2025-05-08 16:00:00,2025-05-21 06:00:00,2025-05-21 06:15:00,2025-05-23 19:00:00,2025-05-23 19:15:00,0.0018704457,0.0019364208855713,6.597521128600737e-05
2025-05-08 16:15:00,2025-05-21 06:15:00,2025-05-21 06:30:00,2025-05-23 19:15:00,2025-05-23 19:30:00,0.001859403,0.0019022069507308,4.2803968212723e-05
2025-05-08 16:30:00,2025-05-21 06:30:00,2025-05-21 06:45:00,2025-05-23 19:30:00,2025-05-23 19:45:00,0.0018502248,0.001862820942911,1.2596144365758632e-05
2025-05-08 16:45:00,2025-05-21 06:45:00,2025-05-21 07:00:00,2025-05-23 19:45:00,2025-05-23 20:00:00,0.0018460558,0.0018498556210264,3.7997715711030923e-06
2025-05-08 17:00:00,2025-05-21 07:00:00,2025-05-21 07:15:00,2025-05-23 20:00:00,2025-05-27 04:00:00,0.0018360186,0.0035549451856042,0.0017189265487814994
2025-05-08 17:15:00,2025-05-21 07:15:00,2025-05-21 07:30:00,2025-05-27 04:00:00,2025-05-27 04:15:00,0.0018673935,0.0035561661639365,0.001688772666558866
2025-05-08 17:30:00,2025-05-21 07:30:00,2025-05-21 07:45:00,2025-05-27 04:15:00,2025-05-27 04:30:00,0.0020069666,0.0035416176642442,0.00153465104356053
2025-05-08 17:45:00,2025-05-21 07:45:00,2025-05-21 08:00:00,2025-05-27 04:30:00,2025-05-27 04:45:00,0.0022359898,0.0035454174653772,0.0013094276805553319
2025-05-08 18:00:00,2025-05-21 08:00:00,2025-05-21 08:15:00,2025-05-27 04:45:00,2025-05-27 05:00:00,0.0025283147,0.0035471909755238,0.001018876263997764
2025-05-08 18:15:00,2025-05-21 08:15:00,2025-05-21 08:30:00,2025-05-27 05:00:00,2025-05-27 05:15:00,0.0027985906,0.0035668136523832,0.0007682230761070167
2025-05-08 18:30:00,2025-05-21 08:30:00,2025-05-21 08:45:00,2025-05-27 05:15:00,2025-05-27 05:30:00,0.0032108512,0.0035275601554748998,0.000316708931335567
2025-05-08 18:45:00,2025-05-21 08:45:00,2025-05-21 09:00:00,2025-05-27 05:30:00,2025-05-27 05:45:00,0.0031533157,0.0035249308592829004,0.0003716151139888063
2025-05-08 19:00:00,2025-05-21 09:00:00,2025-05-21 09:15:00,2025-05-27 05:45:00,2025-05-27 06:00:00,0.0031852815,0.0034687630431735994,0.00028348151315097823
2025-05-08 19:15:00,2025-05-21 09:15:00,2025-05-21 09:30:00,2025-05-27 06:00:00,2025-05-27 06:15:00,0.0031191579,0.0034570378326312,0.0003378799725756343
2025-05-08 19:30:00,2025-05-21 09:30:00,2025-05-21 09:45:00,2025-05-27 06:15:00,2025-05-27 06:30:00,0.0031693794,0.0034584683856812,0.00028908895578949427
2025-05-08 19:45:00,2025-05-21 09:45:00,2025-05-21 10:00:00,2025-05-27 06:30:00,2025-05-27 06:45:00,0.0031509076,0.0034666526383,0.00031574506035321774
2025-05-08 20:00:00,2025-05-21 10:00:00,2025-05-21 10:15:00,2025-05-27 06:45:00,2025-05-27 07:00:00,0.0031275349,0.0032605279232929005,0.0001329930495093121
2025-05-09 04:00:00,2025-05-21 10:15:00,2025-05-21 10:30:00,2025-05-27 07:00:00,2025-05-27 07:15:00,0.0031132963,0.0030735471972663,3.974915133527976e-05
2025-05-09 04:15:00,2025-05-21 10:30:00,2025-05-21 10:45:00,2025-05-27 07:15:00,2025-05-27 07:30:00,0.0030166053,0.0030721924863202,5.558721156841747e-05
2025-05-09 04:30:00,2025-05-21 10:45:00,2025-05-21 11:00:00,2025-05-27 07:30:00,2025-05-27 07:45:00,0.002972771,0.0030734884326162003,0.00010071748465320099
2025-05-09 04:45:00,2025-05-21 11:00:00,2025-05-21 11:15:00,2025-05-27 07:45:00,2025-05-27 08:00:00,0.0029101423,0.0030792884969325996,0.00016914619814476731
2025-05-09 05:00:00,2025-05-21 11:15:00,2025-05-21 11:30:00,2025-05-27 08:00:00,2025-05-27 08:15:00,0.00283462,0.0030799523128474,0.00024533235861899866
2025-05-09 05:15:00,2025-05-21 11:30:00,2025-05-21 11:45:00,2025-05-27 08:15:00,2025-05-27 08:30:00,0.0027487653,0.00309541383496,0.00034664855076445766
2025-05-09 05:30:00,2025-05-21 11:45:00,2025-05-21 12:00:00,2025-05-27 08:30:00,2025-05-27 08:45:00,0.0027092772,0.0030940742574025,0.0003847970503706539
2025-05-09 05:45:00,2025-05-21 12:00:00,2025-05-21 12:15:00,2025-05-27 08:45:00,2025-05-27 09:00:00,0.0027159578,0.0030945530797887,0.0003785952630984933
2025-05-09 06:00:00,2025-05-21 12:15:00,2025-05-21 12:30:00,2025-05-27 09:00:00,2025-05-27 09:15:00,0.0027191476,0.0031306473359324,0.00041149973942413527
2025-05-09 06:15:00,2025-05-21 12:30:00,2025-05-21 12:45:00,2025-05-27 09:15:00,2025-05-27 09:30:00,0.0027240163,0.0031404947645940003,0.00041647844649628967
2025-05-09 06:30:00,2025-05-21 12:45:00,2025-05-21 13:00:00,2025-05-27 09:30:00,2025-05-27 09:45:00,0.0027339167,0.0031403222633554,0.0004064055206282396
2025-05-09 06:45:00,2025-05-21 13:00:00,2025-05-21 13:15:00,2025-05-27 09:45:00,2025-05-27 10:00:00,0.0028010411,0.0031452572453587,0.0003442161265580601
2025-05-09 07:00:00,2025-05-21 13:15:00,2025-05-21 13:30:00,2025-05-27 10:00:00,2025-05-27 10:15:00,0.0028059902,0.0031496941175183,0.0003437039505561532
2025-05-09 07:15:00,2025-05-21 13:30:00,2025-05-21 13:45:00,2025-05-27 10:15:00,2025-05-27 10:30:00,0.0028118843,0.0008951944872278,0.0019166897874784445
2025-05-09 07:30:00,2025-05-21 13:45:00,2025-05-21 14:00:00,2025-05-27 10:30:00,2025-05-27 10:45:00,0.0028105981,0.0008914782387282,0.0019191198795025005
2025-05-09 07:45:00,2025-05-21 14:00:00,2025-05-21 14:15:00,2025-05-27 10:45:00,2025-05-27 11:00:00,0.0026159738,0.0008952687302826,0.0017207050887646127
2025-05-09 08:00:00,2025-05-21 14:15:00,2025-05-21 14:30:00,2025-05-27 11:00:00,2025-05-27 11:15:00,0.002293708,0.0009046749668139,0.0013890330689084749
2025-05-09 08:15:00,2025-05-21 14:30:00,2025-05-21 14:45:00,2025-05-27 11:15:00,2025-05-27 11:30:00,0.0018956789,0.0008609223425305,0.0010347565855914243
2025-05-09 08:30:00,2025-05-21 14:45:00,2025-05-21 15:00:00,2025-05-27 11:30:00,2025-05-27 11:45:00,0.001457357,0.0008082063514247999,0.0006491506128131881
2025-05-09 08:45:00,2025-05-21 15:00:00,2025-05-21 15:15:00,2025-05-27 11:45:00,2025-05-27 12:00:00,0.001014704,0.0008068539463465,0.0002078500547896241
2025-05-09 09:00:00,2025-05-21 15:15:00,2025-05-21 15:30:00,2025-05-27 12:00:00,2025-05-27 12:15:00,0.0010042896,0.0008074521488676,0.00019683745399320842
2025-05-09 09:15:00,2025-05-21 15:30:00,2025-05-21 15:45:00,2025-05-27 12:15:00,2025-05-27 12:30:00,0.0009945885,0.0008524289568251,0.00014215952443722628
2025-05-09 09:30:00,2025-05-21 15:45:00,2025-05-21 16:00:00,2025-05-27 12:30:00,2025-05-27 12:45:00,0.0009806252,0.00086149189369,0.0001191332682111164
2025-05-09 09:45:00,2025-05-21 16:00:00,2025-05-21 16:15:00,2025-05-27 12:45:00,2025-05-27 13:00:00,0.0009672304,0.0008616102629198,0.00010562015205190921
2025-05-09 10:00:00,2025-05-21 16:15:00,2025-05-21 16:30:00,2025-05-27 13:00:00,2025-05-27 13:15:00,0.0009615255,0.0008144795305239,0.00014704595160168032
2025-05-09 10:15:00,2025-05-21 16:30:00,2025-05-21 16:45:00,2025-05-27 13:15:00,2025-05-27 13:30:00,0.0009679401,0.0008125652089520001,0.0001553748738215661
2025-05-09 10:30:00,2025-05-21 16:45:00,2025-05-21 17:00:00,2025-05-27 13:30:00,2025-05-27 13:45:00,0.0009687092,0.000833359717195,0.0001353494634022159
2025-05-09 10:45:00,2025-05-21 17:00:00,2025-05-21 17:15:00,2025-05-27 13:45:00,2025-05-27 14:00:00,0.00097130926,0.0008314992977517,0.00013980996085085956
2025-05-09 11:00:00,2025-05-21 17:15:00,2025-05-21 17:30:00,2025-05-27 14:00:00,2025-05-27 14:15:00,0.00096175255,0.000849663844572,0.00011208870563880378
2025-05-09 11:15:00,2025-05-21 17:30:00,2025-05-21 17:45:00,2025-05-27 14:15:00,2025-05-27 14:30:00,0.00095376704,0.0008369629593373,0.00011680408187278511
2025-05-09 11:30:00,2025-05-21 17:45:00,2025-05-21 18:00:00,2025-05-27 14:30:00,2025-05-27 14:45:00,0.00094898173,0.0008427766867378,0.00010620504446092805
2025-05-09 11:45:00,2025-05-21 18:00:00,2025-05-21 18:15:00,2025-05-27 14:45:00,2025-05-27 15:00:00,0.00095314323,0.0007903799884575,0.00016276324125057552
2025-05-09 12:00:00,2025-05-21 18:15:00,2025-05-21 18:30:00,2025-05-27 15:00:00,2025-05-27 15:15:00,0.0009597189,0.0007946570315011,0.00016506185945270907
2025-05-09 12:15:00,2025-05-21 18:30:00,2025-05-21 18:45:00,2025-05-27 15:15:00,2025-05-27 15:30:00,0.0009565704,0.0007817746449691998,0.0001747957353981388
2025-05-09 12:30:00,2025-05-21 18:45:00,2025-05-21 19:00:00,2025-05-27 15:30:00,2025-05-27 15:45:00,0.0009512759,0.0006703615190613,0.0002809144088846715
2025-05-09 12:45:00,2025-05-21 19:00:00,2025-05-21 19:15:00,2025-05-27 15:45:00,2025-05-27 16:00:00,0.00094023574,0.0006303810906959,0.0003098546484122751
2025-05-09 13:00:00,2025-05-21 19:15:00,2025-05-21 19:30:00,2025-05-27 16:00:00,2025-05-27 16:15:00,0.00092111743,0.0006310147929686,0.00029010263991254665
2025-05-09 13:15:00,2025-05-21 19:30:00,2025-05-21 19:45:00,2025-05-27 16:15:00,2025-05-27 16:30:00,0.0008903617,0.0005848447463857,0.00030551698082964963
2025-05-09 13:30:00,2025-05-21 19:45:00,2025-05-21 20:00:00,2025-05-27 16:30:00,2025-05-27 16:45:00,0.000833329,0.0005355422370988,0.00029778675083862063
2025-05-09 13:45:00,2025-05-21 20:00:00,2025-05-22 04:00:00,2025-05-27 16:45:00,2025-05-27 17:00:00,0.0007998507,0.0005351028626481,0.00026474781449195713
2025-05-09 14:00:00,2025-05-22 04:00:00,2025-05-22 04:15:00,2025-05-27 17:00:00,2025-05-27 17:15:00,0.0007648088,0.0005316807549004,0.00023312803725483602
2025-05-09 14:15:00,2025-05-22 04:15:00,2025-05-22 04:30:00,2025-05-27 17:15:00,2025-05-27 17:30:00,0.0007453938,0.0005394281189945,0.00020596568248603168
2025-05-09 14:30:00,2025-05-22 04:30:00,2025-05-22 04:45:00,2025-05-27 17:30:00,2025-05-27 17:45:00,0.0007296232,0.0005238767961801,0.0002057463962755196
2025-05-09 14:45:00,2025-05-22 04:45:00,2025-05-22 05:00:00,2025-05-27 17:45:00,2025-05-27 18:00:00,0.00071399333,0.0005647911904216,0.00014920213913319626
2025-05-09 15:00:00,2025-05-22 05:00:00,2025-05-22 05:15:00,2025-05-27 18:00:00,2025-05-27 18:15:00,0.0007064356,0.0005650553222318,0.00014138026642233068
2025-05-09 15:15:00,2025-05-22 05:15:00,2025-05-22 05:30:00,2025-05-27 18:15:00,2025-05-27 18:30:00,0.00070924003,0.0005496269093576,0.0001596131243993416
2025-05-09 15:30:00,2025-05-22 05:30:00,2025-05-22 05:45:00,2025-05-27 18:30:00,2025-05-27 18:45:00,0.0007138925,0.0005497079274115,0.0001641845864745941
2025-05-09 15:45:00,2025-05-22 05:45:00,2025-05-22 06:00:00,2025-05-27 18:45:00,2025-05-27 19:00:00,0.0007164356,0.0004705183856359,0.00024591722095550347
2025-05-09 16:00:00,2025-05-22 06:00:00,2025-05-22 06:15:00,2025-05-27 19:00:00,2025-05-27 19:15:00,0.00071783125,0.0004588661938427,0.00025896505783442567
2025-05-09 16:15:00,2025-05-22 06:15:00,2025-05-22 06:30:00,2025-05-27 19:15:00,2025-05-27 19:30:00,0.0007149765,0.00046215761417519994,0.00025281890098008565
2025-05-09 16:30:00,2025-05-22 06:30:00,2025-05-22 06:45:00,2025-05-27 19:30:00,2025-05-27 19:45:00,0.0007006598,0.0004691732902019,0.0002314865268827701
2025-05-09 16:45:00,2025-05-22 06:45:00,2025-05-22 07:00:00,2025-05-27 19:45:00,2025-05-27 20:00:00,0.0006848112,0.0004721956638864,0.00021261554590773388
2025-05-09 17:00:00,2025-05-22 07:00:00,2025-05-22 07:15:00,2025-05-27 20:00:00,2025-05-28 04:00:00,0.0006716797,0.0005815400323558,9.013964555157751e-05
2025-05-09 17:15:00,2025-05-22 07:15:00,2025-05-22 07:30:00,2025-05-28 04:00:00,2025-05-28 04:15:00,0.0006595731,0.0005831031727964,7.646995192524633e-05
2025-05-09 17:30:00,2025-05-22 07:30:00,2025-05-22 07:45:00,2025-05-28 04:15:00,2025-05-28 04:30:00,0.000670189,0.0005673315334954,0.00010285744621598358
2025-05-09 17:45:00,2025-05-22 07:45:00,2025-05-22 08:00:00,2025-05-28 04:30:00,2025-05-28 04:45:00,0.000718116,0.0005820126713787,0.00013610333217561443
2025-05-09 18:00:00,2025-05-22 08:00:00,2025-05-22 08:15:00,2025-05-28 04:45:00,2025-05-28 05:00:00,0.0007391134,0.0005793930090543,0.00015972041864431216
2025-05-09 18:15:00,2025-05-22 08:15:00,2025-05-22 08:30:00,2025-05-28 05:00:00,2025-05-28 05:15:00,0.0007593469,0.000581119758719,0.00017822711757442078
2025-05-09 18:30:00,2025-05-22 08:30:00,2025-05-22 08:45:00,2025-05-28 05:15:00,2025-05-28 05:30:00,0.0007762495,0.0005804846771509,0.00019576483075687808
2025-05-09 18:45:00,2025-05-22 08:45:00,2025-05-22 09:00:00,2025-05-28 05:30:00,2025-05-28 05:45:00,0.0007755526,0.0005958425788411,0.00017971000874256106
2025-05-09 19:00:00,2025-05-22 09:00:00,2025-05-22 09:15:00,2025-05-28 05:45:00,2025-05-28 06:00:00,0.0007768704,0.000562954241423,0.00021391616760374195
2025-05-09 19:15:00,2025-05-22 09:15:00,2025-05-22 09:30:00,2025-05-28 06:00:00,2025-05-28 06:15:00,0.0007802191,0.0005479056113285,0.00023231348443059378
2025-05-09 19:30:00,2025-05-22 09:30:00,2025-05-22 09:45:00,2025-05-28 06:15:00,2025-05-28 06:30:00,0.000779603,0.0006238076965978,0.00015579532927818558
2025-05-09 19:45:00,2025-05-22 09:45:00,2025-05-22 10:00:00,2025-05-28 06:30:00,2025-05-28 06:45:00,0.0007745593,0.0006452767169927,0.00012928255685747277
2025-05-09 20:00:00,2025-05-22 10:00:00,2025-05-22 10:15:00,2025-05-28 06:45:00,2025-05-28 07:00:00,0.0007726006,0.0006521982911303,0.0001204022949301346
2025-05-12 04:00:00,2025-05-22 10:15:00,2025-05-22 10:30:00,2025-05-28 07:00:00,2025-05-28 07:15:00,0.000775952,0.0006594979018790999,0.00011645410667374936
2025-05-12 04:15:00,2025-05-22 10:30:00,2025-05-22 10:45:00,2025-05-28 07:15:00,2025-05-28 07:30:00,0.0007802621,0.0006576723072069,0.00012258980401360883
2025-05-12 04:30:00,2025-05-22 10:45:00,2025-05-22 11:00:00,2025-05-28 07:30:00,2025-05-28 07:45:00,0.0007951311,0.0006605525273155,0.00013457855626237134
2025-05-12 04:45:00,2025-05-22 11:00:00,2025-05-22 11:15:00,2025-05-28 07:45:00,2025-05-28 08:00:00,0.0008160454,0.0006641626449046,0.0001518827422777847
2025-05-12 05:00:00,2025-05-22 11:15:00,2025-05-22 11:30:00,2025-05-28 08:00:00,2025-05-28 08:15:00,0.0007951791,0.0006390032323441,0.00015617587255402495
2025-05-12 05:15:00,2025-05-22 11:30:00,2025-05-22 11:45:00,2025-05-28 08:15:00,2025-05-28 08:30:00,0.0008552117,0.0006539843661844,0.00020122732621215137
2025-05-12 05:30:00,2025-05-22 11:45:00,2025-05-22 12:00:00,2025-05-28 08:30:00,2025-05-28 08:45:00,0.00080411293,0.0006965127648254,0.00010760016828504574
2025-05-12 05:45:00,2025-05-22 12:00:00,2025-05-22 12:15:00,2025-05-28 08:45:00,2025-05-28 09:00:00,0.0008027058,0.0006999256334043,0.00010278018771122353
2025-05-12 06:00:00,2025-05-22 12:15:00,2025-05-22 12:30:00,2025-05-28 09:00:00,2025-05-28 09:15:00,0.00080696563,0.0007001625821031,0.00010680305026105382
2025-05-12 06:15:00,2025-05-22 12:30:00,2025-05-22 12:45:00,2025-05-28 09:15:00,2025-05-28 09:30:00,0.00081368524,0.0007507555994898,6.292964166552636e-05
2025-05-12 06:30:00,2025-05-22 12:45:00,2025-05-22 13:00:00,2025-05-28 09:30:00,2025-05-28 09:45:00,0.00081622,0.000933359597399,0.00011713958723387485
2025-05-12 06:45:00,2025-05-22 13:00:00,2025-05-22 13:15:00,2025-05-28 09:45:00,2025-05-28 10:00:00,0.000835072,0.0009367103417691,0.0001016383254256256
2025-05-12 07:00:00,2025-05-22 13:15:00,2025-05-22 13:30:00,2025-05-28 10:00:00,2025-05-28 10:15:00,0.0008661397,0.0009387474919305,7.260777685873243e-05
2025-05-12 07:15:00,2025-05-22 13:30:00,2025-05-22 13:45:00,2025-05-28 10:15:00,2025-05-28 10:30:00,0.0009042358,0.0008522927741305,5.1943040101879215e-05
2025-05-12 07:30:00,2025-05-22 13:45:00,2025-05-22 14:00:00,2025-05-28 10:30:00,2025-05-28 10:45:00,0.0009521221,0.0008670198051603,8.510228755237057e-05
2025-05-12 07:45:00,2025-05-22 14:00:00,2025-05-22 14:15:00,2025-05-28 10:45:00,2025-05-28 11:00:00,0.000999873,0.0008657896935769,0.00013408334480443816
2025-05-12 08:00:00,2025-05-22 14:15:00,2025-05-22 14:30:00,2025-05-28 11:00:00,2025-05-28 11:15:00,0.0009766923,0.0008608083863574,0.00011588391672643706
2025-05-12 08:15:00,2025-05-22 14:30:00,2025-05-22 14:45:00,2025-05-28 11:15:00,2025-05-28 11:30:00,0.0009594081,0.0008630450357548,9.636308449739207e-05
2025-05-12 08:30:00,2025-05-22 14:45:00,2025-05-22 15:00:00,2025-05-28 11:30:00,2025-05-28 11:45:00,0.00094417064,0.0008626367925917,8.153384260188633e-05
2025-05-12 08:45:00,2025-05-22 15:00:00,2025-05-22 15:15:00,2025-05-28 11:45:00,2025-05-28 12:00:00,0.0009302975,0.000895229414319,3.5068065180131444e-05
2025-05-12 09:00:00,2025-05-22 15:15:00,2025-05-22 15:30:00,2025-05-28 12:00:00,2025-05-28 12:15:00,0.0009293818,0.0008857412555426,4.364055924270169e-05
2025-05-12 09:15:00,2025-05-22 15:30:00,2025-05-22 15:45:00,2025-05-28 12:15:00,2025-05-28 12:30:00,0.00092898926,0.0008824175797953,4.657168252480124e-05
2025-05-12 09:30:00,2025-05-22 15:45:00,2025-05-22 16:00:00,2025-05-28 12:30:00,2025-05-28 12:45:00,0.00097634085,0.0008833173848692,9.302346035804153e-05
2025-05-12 09:45:00,2025-05-22 16:00:00,2025-05-22 16:15:00,2025-05-28 12:45:00,2025-05-28 13:00:00,0.00097584876,0.0008384355855507001,0.000137413172111179
2025-05-12 10:00:00,2025-05-22 16:15:00,2025-05-22 16:30:00,2025-05-28 13:00:00,2025-05-28 13:15:00,0.00097311166,0.0008162235727998,0.00015688808602294505
2025-05-12 10:15:00,2025-05-22 16:30:00,2025-05-22 16:45:00,2025-05-28 13:15:00,2025-05-28 13:30:00,0.00097245665,0.0008361470228138,0.00013630962520068586
2025-05-12 10:30:00,2025-05-22 16:45:00,2025-05-22 17:00:00,2025-05-28 13:30:00,2025-05-28 13:45:00,0.0007391581,0.0008331520581297999,9.399398515526705e-05
2025-05-12 10:45:00,2025-05-22 17:00:00,2025-05-22 17:15:00,2025-05-28 13:45:00,2025-05-28 14:00:00,0.0007344492,0.0008589793742516,0.00012453018462964488
2025-05-12 11:00:00,2025-05-22 17:15:00,2025-05-22 17:30:00,2025-05-28 14:00:00,2025-05-28 14:15:00,0.00072806096,0.0008547761532424,0.000126715196198037
2025-05-12 11:15:00,2025-05-22 17:30:00,2025-05-22 17:45:00,2025-05-28 14:15:00,2025-05-28 14:30:00,0.0007245726,0.0008507420530346999,0.000126169481108881
2025-05-12 11:30:00,2025-05-22 17:45:00,2025-05-22 18:00:00,2025-05-28 14:30:00,2025-05-28 14:45:00,0.00072592456,0.0008583166540701,0.00013239209280424395
2025-05-12 11:45:00,2025-05-22 18:00:00,2025-05-22 18:15:00,2025-05-28 14:45:00,2025-05-28 15:00:00,0.0007263891,0.0008463953472323998,0.00012000623062479344
2025-05-12 12:00:00,2025-05-22 18:15:00,2025-05-22 18:30:00,2025-05-28 15:00:00,2025-05-28 15:15:00,0.0008303559,0.0008320454162846001,1.689501043656682e-06
2025-05-12 12:15:00,2025-05-22 18:30:00,2025-05-22 18:45:00,2025-05-28 15:15:00,2025-05-28 15:30:00,0.0008366946,0.0008512521265582002,1.4557513459101954e-05
2025-05-12 12:30:00,2025-05-22 18:45:00,2025-05-22 19:00:00,2025-05-28 15:30:00,2025-05-28 15:45:00,0.00086301734,0.0009067966338907001,4.377929416565275e-05
2025-05-12 12:45:00,2025-05-22 19:00:00,2025-05-22 19:15:00,2025-05-28 15:45:00,2025-05-28 16:00:00,0.0008697416,0.0008432951500164999,2.6446455112593076e-05
2025-05-12 13:00:00,2025-05-22 19:15:00,2025-05-22 19:30:00,2025-05-28 16:00:00,2025-05-28 16:15:00,0.00087706,0.0007807918884592,9.626810766888232e-05
2025-05-12 13:15:00,2025-05-22 19:30:00,2025-05-22 19:45:00,2025-05-28 16:15:00,2025-05-28 16:30:00,0.00088246615,0.0008178946357216,6.457151332914235e-05
2025-05-12 13:30:00,2025-05-22 19:45:00,2025-05-22 20:00:00,2025-05-28 16:30:00,2025-05-28 16:45:00,0.00084903365,0.0008374819366868,1.1551710995717757e-05
2025-05-12 13:45:00,2025-05-22 20:00:00,2025-05-23 04:00:00,2025-05-28 16:45:00,2025-05-28 17:00:00,0.00084062,0.0008390109781569,1.6090431788805737e-06
2025-05-12 14:00:00,2025-05-23 04:00:00,2025-05-23 04:15:00,2025-05-28 17:00:00,2025-05-28 17:15:00,0.00082766043,0.0008427125977546,1.5052162875237377e-05
2025-05-12 14:15:00,2025-05-23 04:15:00,2025-05-23 04:30:00,2025-05-28 17:15:00,2025-05-28 17:30:00,0.00080457993,0.0008412288875771,3.664895440314551e-05
2025-05-12 14:30:00,2025-05-23 04:30:00,2025-05-23 04:45:00,2025-05-28 17:30:00,2025-05-28 17:45:00,0.0008328042,0.0008578687564705,2.5064568803875192e-05
2025-05-12 14:45:00,2025-05-23 04:45:00,2025-05-23 05:00:00,2025-05-28 17:45:00,2025-05-28 18:00:00,0.0008452028,0.0008554187692993,1.0215942404480241e-05
2025-05-12 15:00:00,2025-05-23 05:00:00,2025-05-23 05:15:00,2025-05-28 18:00:00,2025-05-28 18:15:00,0.00085294805,0.0008537101797540999,7.621250828123436e-07
2025-05-12 15:15:00,2025-05-23 05:15:00,2025-05-23 05:30:00,2025-05-28 18:15:00,2025-05-28 18:30:00,0.00085476134,0.0008537041494980001,1.0571902260637965e-06
2025-05-12 15:30:00,2025-05-23 05:30:00,2025-05-23 05:45:00,2025-05-28 18:30:00,2025-05-28 18:45:00,0.00085389626,0.0009800970397985,0.00012620078233093216
2025-05-12 15:45:00,2025-05-23 05:45:00,2025-05-23 06:00:00,2025-05-28 18:45:00,2025-05-28 19:00:00,0.0008507704,0.0015260650798289,0.0006752946901677072
2025-05-12 16:00:00,2025-05-23 06:00:00,2025-05-23 06:15:00,2025-05-28 19:00:00,2025-05-28 19:15:00,0.00082964555,0.0015329341906132003,0.0007032886416660448
2025-05-12 16:15:00,2025-05-23 06:15:00,2025-05-23 06:30:00,2025-05-28 19:15:00,2025-05-28 19:30:00,0.0008900308,0.0015799172644747998,0.0006898864478117432
2025-05-12 16:30:00,2025-05-23 06:30:00,2025-05-23 06:45:00,2025-05-28 19:30:00,2025-05-28 19:45:00,0.0009818994,0.0015800820774418997,0.0005981826334280657
2025-05-12 16:45:00,2025-05-23 06:45:00,2025-05-23 07:00:00,2025-05-28 19:45:00,2025-05-28 20:00:00,0.001101578,0.0034032709810186,0.0023016929772917004
2025-05-12 17:00:00,2025-05-23 07:00:00,2025-05-23 07:15:00,2025-05-28 20:00:00,2025-05-29 04:00:00,0.0012505548,0.0047785557482976,0.0035280009408134505
2025-05-12 17:15:00,2025-05-23 07:15:00,2025-05-23 07:30:00,2025-05-29 04:00:00,2025-05-29 04:15:00,0.0015911735,0.0047937322799829,0.003202558813687896
2025-05-12 17:30:00,2025-05-23 07:30:00,2025-05-23 07:45:00,2025-05-29 04:15:00,2025-05-29 04:30:00,0.002012749,0.0047930558145451,0.002780306844826286
2025-05-12 17:45:00,2025-05-23 07:45:00,2025-05-23 08:00:00,2025-05-29 04:30:00,2025-05-29 04:45:00,0.0026203103,0.0047945611213551,0.002174250831569834
2025-05-12 18:00:00,2025-05-23 08:00:00,2025-05-23 08:15:00,2025-05-29 04:45:00,2025-05-29 05:00:00,0.0033129842,0.0047893671631075,0.001476382914484248
2025-05-12 18:15:00,2025-05-23 08:15:00,2025-05-23 08:30:00,2025-05-29 05:00:00,2025-05-29 05:15:00,0.0040648314,0.004791502314765,0.0007266708977110622
2025-05-12 18:30:00,2025-05-23 08:30:00,2025-05-23 08:45:00,2025-05-29 05:15:00,2025-05-29 05:30:00,0.0043728123,0.0047856270257082,0.00041281468380952036
2025-05-12 18:45:00,2025-05-23 08:45:00,2025-05-23 09:00:00,2025-05-29 05:30:00,2025-05-29 05:45:00,0.0043106186,0.004783871404993,0.0004732527846271423
2025-05-12 19:00:00,2025-05-23 09:00:00,2025-05-23 09:15:00,2025-05-29 05:45:00,2025-05-29 06:00:00,0.004269017,0.0047807292715192,0.0005117123649001284
2025-05-12 19:15:00,2025-05-23 09:15:00,2025-05-23 09:30:00,2025-05-29 06:00:00,2025-05-29 06:15:00,0.0042486778,0.0047881250181072,0.0005394472651951551
2025-05-12 19:30:00,2025-05-23 09:30:00,2025-05-23 09:45:00,2025-05-29 06:15:00,2025-05-29 06:30:00,0.0042452267,0.0047805996529305,0.0005353729158186936
2025-05-12 19:45:00,2025-05-23 09:45:00,2025-05-23 10:00:00,2025-05-29 06:30:00,2025-05-29 06:45:00,0.0042479387,0.0047779015117283,0.0005299627632792125
2025-05-12 20:00:00,2025-05-23 10:00:00,2025-05-23 10:15:00,2025-05-29 06:45:00,2025-05-29 07:00:00,0.0042510503,0.0047768760350948,0.0005258257379239222
2025-05-13 04:00:00,2025-05-23 10:15:00,2025-05-23 10:30:00,2025-05-29 07:00:00,2025-05-29 07:15:00,0.0042533604,0.0047894044413544,0.0005360439985371886
2025-05-13 04:15:00,2025-05-23 10:30:00,2025-05-23 10:45:00,2025-05-29 07:15:00,2025-05-29 07:30:00,0.0042535127,0.004784017039129,0.0005305043250708394
2025-05-13 04:30:00,2025-05-23 10:45:00,2025-05-23 11:00:00,2025-05-29 07:30:00,2025-05-29 07:45:00,0.004255154,0.0048027557914148,0.0005476016213188791
2025-05-13 04:45:00,2025-05-23 11:00:00,2025-05-23 11:15:00,2025-05-29 07:45:00,2025-05-29 08:00:00,0.0042565907,0.0048024700067775,0.0005458792716102352
2025-05-13 05:00:00,2025-05-23 11:15:00,2025-05-23 11:30:00,2025-05-29 08:00:00,2025-05-29 08:15:00,0.0042671664,0.00480302176738,0.000535855398716689
2025-05-13 05:15:00,2025-05-23 11:30:00,2025-05-23 11:45:00,2025-05-29 08:15:00,2025-05-29 08:30:00,0.004278808,0.0048058703614615,0.0005270624606154954
2025-05-13 05:30:00,2025-05-23 11:45:00,2025-05-23 12:00:00,2025-05-29 08:30:00,2025-05-29 08:45:00,0.004285334,0.0048016305800934,0.0005162964363057774
2025-05-13 05:45:00,2025-05-23 12:00:00,2025-05-23 12:15:00,2025-05-29 08:45:00,2025-05-29 09:00:00,0.004289762,0.0047776478527055,0.00048788573573686853
2025-05-13 06:00:00,2025-05-23 12:15:00,2025-05-23 12:30:00,2025-05-29 09:00:00,2025-05-29 09:15:00,0.004290275,0.0046200002661845,0.0003297254561385422
2025-05-13 06:15:00,2025-05-23 12:30:00,2025-05-23 12:45:00,2025-05-29 09:15:00,2025-05-29 09:30:00,0.0042811376,0.0046632533857115,0.000382115781445095
2025-05-13 06:30:00,2025-05-23 12:45:00,2025-05-23 13:00:00,2025-05-29 09:30:00,2025-05-29 09:45:00,0.0042612725,0.0046357989640387,0.0003745264702888435
2025-05-13 06:45:00,2025-05-23 13:00:00,2025-05-23 13:15:00,2025-05-29 09:45:00,2025-05-29 10:00:00,0.004243782,0.00465580799873,0.0004120262085927093
2025-05-13 07:00:00,2025-05-23 13:15:00,2025-05-23 13:30:00,2025-05-29 10:00:00,2025-05-29 10:15:00,0.0042187143,0.0035919973403098,0.0006267169714091409
2025-05-13 07:15:00,2025-05-23 13:30:00,2025-05-23 13:45:00,2025-05-29 10:15:00,2025-05-29 10:30:00,0.004196355,0.0010661750562446,0.0031301800631029723
2025-05-13 07:30:00,2025-05-23 13:45:00,2025-05-23 14:00:00,2025-05-29 10:30:00,2025-05-29 10:45:00,0.004090341,0.0011573826469493999,0.0029329581610845435
2025-05-13 07:45:00,2025-05-23 14:00:00,2025-05-23 14:15:00,2025-05-29 10:45:00,2025-05-29 11:00:00,0.0036456678,0.0012112108584069999,0.0024344569478607385
2025-05-13 08:00:00,2025-05-23 14:15:00,2025-05-23 14:30:00,2025-05-29 11:00:00,2025-05-29 11:15:00,0.0030508453,0.0012957308469448,0.0017551145022627205
2025-05-13 08:15:00,2025-05-23 14:30:00,2025-05-23 14:45:00,2025-05-29 11:15:00,2025-05-29 11:30:00,0.0023252035,0.0013560895865561,0.0009691139159946213
2025-05-13 08:30:00,2025-05-23 14:45:00,2025-05-23 15:00:00,2025-05-29 11:30:00,2025-05-29 11:45:00,0.0015652071,0.001469242070139,9.596507503782789e-05
2025-05-13 08:45:00,2025-05-23 15:00:00,2025-05-23 15:15:00,2025-05-29 11:45:00,2025-05-29 12:00:00,0.0010836103,0.0015786262699811,0.0004950159234402914
2025-05-13 09:00:00,2025-05-23 15:15:00,2025-05-23 15:30:00,2025-05-29 12:00:00,2025-05-29 12:15:00,0.0011574476,0.0015908058658942,0.00043335828657740504
2025-05-13 09:15:00,2025-05-23 15:30:00,2025-05-23 15:45:00,2025-05-29 12:15:00,2025-05-29 12:30:00,0.0012520708,0.0015937223730601,0.0003416516052551198
2025-05-13 09:30:00,2025-05-23 15:45:00,2025-05-23 16:00:00,2025-05-29 12:30:00,2025-05-29 12:45:00,0.0013220371,0.0015977315399124,0.0002756944651975009
2025-05-13 09:45:00,2025-05-23 16:00:00,2025-05-23 16:15:00,2025-05-29 12:45:00,2025-05-29 13:00:00,0.0013721703,0.0015979338927433998,0.00022576360742162767
2025-05-13 10:00:00,2025-05-23 16:15:00,2025-05-23 16:30:00,2025-05-29 13:00:00,2025-05-29 13:15:00,0.001406147,0.0015996103203665,0.0001934632920469624
2025-05-13 10:15:00,2025-05-23 16:30:00,2025-05-23 16:45:00,2025-05-29 13:15:00,2025-05-29 13:30:00,0.0013924835,0.0015992879884525,0.00020680451004046786
2025-05-13 10:30:00,2025-05-23 16:45:00,2025-05-23 17:00:00,2025-05-29 13:30:00,2025-05-29 13:45:00,0.0014235978,0.001583358085588,0.000159760284111283
2025-05-13 10:45:00,2025-05-23 17:00:00,2025-05-23 17:15:00,2025-05-29 13:45:00,2025-05-29 14:00:00,0.0014244042,0.0015872576478329,0.0001628534374218879
2025-05-13 11:00:00,2025-05-23 17:15:00,2025-05-23 17:30:00,2025-05-29 14:00:00,2025-05-29 14:15:00,0.0014247964,0.0015839075441366997,0.00015911113050645262
2025-05-13 11:15:00,2025-05-23 17:30:00,2025-05-23 17:45:00,2025-05-29 14:15:00,2025-05-29 14:30:00,0.0014259233,0.0016475173333615,0.00022159401941596805
2025-05-13 11:30:00,2025-05-23 17:45:00,2025-05-23 18:00:00,2025-05-29 14:30:00,2025-05-29 14:45:00,0.0014221111,0.0016504898325334,0.00022837877113173486
2025-05-13 11:45:00,2025-05-23 18:00:00,2025-05-23 18:15:00,2025-05-29 14:45:00,2025-05-29 15:00:00,0.0014248899,0.0016486897739135002,0.00022379987877982604
2025-05-13 12:00:00,2025-05-23 18:15:00,2025-05-23 18:30:00,2025-05-29 15:00:00,2025-05-29 15:15:00,0.0014301763,0.0016522996323388,0.00022212331744096464
2025-05-13 12:15:00,2025-05-23 18:30:00,2025-05-23 18:45:00,2025-05-29 15:15:00,2025-05-29 15:30:00,0.0014422106,0.0016561312261102001,0.00021392059373382733
2025-05-13 12:30:00,2025-05-23 18:45:00,2025-05-23 19:00:00,2025-05-29 15:30:00,2025-05-29 15:45:00,0.001450227,0.0016660700476045,0.0002158430561671244
2025-05-13 12:45:00,2025-05-23 19:00:00,2025-05-23 19:15:00,2025-05-29 15:45:00,2025-05-29 16:00:00,0.0014648624,0.0015414099785976,7.654760214610766e-05
2025-05-13 13:00:00,2025-05-23 19:15:00,2025-05-23 19:30:00,2025-05-29 16:00:00,2025-05-29 16:15:00,0.0014640222,0.0015488780839031,8.48558768292327e-05
2025-05-13 13:15:00,2025-05-23 19:30:00,2025-05-23 19:45:00,2025-05-29 16:15:00,2025-05-29 16:30:00,0.0014551326,0.0014640868680278,8.954251343959354e-06
2025-05-13 13:30:00,2025-05-23 19:45:00,2025-05-23 20:00:00,2025-05-29 16:30:00,2025-05-29 16:45:00,0.0014442592,0.0014599089400710997,1.564974727653835e-05
2025-05-13 13:45:00,2025-05-23 20:00:00,2025-05-27 04:00:00,2025-05-29 16:45:00,2025-05-29 17:00:00,0.001422275,0.0014557110905791,3.34361164043024e-05
2025-05-13 14:00:00,2025-05-27 04:00:00,2025-05-27 04:15:00,2025-05-29 17:00:00,2025-05-29 17:15:00,0.0014666724,0.0013950775539427,7.159484793255741e-05
2025-05-13 14:15:00,2025-05-27 04:15:00,2025-05-27 04:30:00,2025-05-29 17:15:00,2025-05-29 17:30:00,0.0014370572,0.0013263616533941,0.0001106955055156381
2025-05-13 14:30:00,2025-05-27 04:30:00,2025-05-27 04:45:00,2025-05-29 17:30:00,2025-05-29 17:45:00,0.0013482231,0.0012689375878285997,7.928548371676273e-05
2025-05-13 14:45:00,2025-05-27 04:45:00,2025-05-27 05:00:00,2025-05-29 17:45:00,2025-05-29 18:00:00,0.0013150626,0.0011686596655357997,0.0001464029672484477
2025-05-13 15:00:00,2025-05-27 05:00:00,2025-05-27 05:15:00,2025-05-29 18:00:00,2025-05-29 18:15:00,0.0012882111,0.0009748326035285,0.0003133784860303994
2025-05-13 15:15:00,2025-05-27 05:15:00,2025-05-27 05:30:00,2025-05-29 18:15:00,2025-05-29 18:30:00,0.0012516315,0.0008612788346174001,0.00039035269817832717
2025-05-13 15:30:00,2025-05-27 05:30:00,2025-05-27 05:45:00,2025-05-29 18:30:00,2025-05-29 18:45:00,0.0011889401,0.0008567848539093999,0.0003321552818526956
2025-05-13 15:45:00,2025-05-27 05:45:00,2025-05-27 06:00:00,2025-05-29 18:45:00,2025-05-29 19:00:00,0.0011114866,0.0008383205114623001,0.0002731660659665773
2025-05-13 16:00:00,2025-05-27 06:00:00,2025-05-27 06:15:00,2025-05-29 19:00:00,2025-05-29 19:15:00,0.0010348129,0.000832757668947,0.00020205521638957794
2025-05-13 16:15:00,2025-05-27 06:15:00,2025-05-27 06:30:00,2025-05-29 19:15:00,2025-05-29 19:30:00,0.0009587259,0.0008509003142141001,0.0001078256122521861
2025-05-13 16:30:00,2025-05-27 06:30:00,2025-05-27 06:45:00,2025-05-29 19:30:00,2025-05-29 19:45:00,0.00089462503,0.0008427344756548,5.1890555268834784e-05
2025-05-13 16:45:00,2025-05-27 06:45:00,2025-05-27 07:00:00,2025-05-29 19:45:00,2025-05-29 20:00:00,0.000869432,0.0010726862347289,0.00020325423614820574
2025-05-13 17:00:00,2025-05-27 07:00:00,2025-05-27 07:15:00,2025-05-29 20:00:00,2025-05-30 04:00:00,0.0008652276,0.0010580480885989,0.0001928204875736464
2025-05-13 17:15:00,2025-05-27 07:15:00,2025-05-27 07:30:00,2025-05-30 04:00:00,2025-05-30 04:15:00,0.00085888477,0.0010503104585225,0.00019142568809932606
2025-05-13 17:30:00,2025-05-27 07:30:00,2025-05-27 07:45:00,2025-05-30 04:15:00,2025-05-30 04:30:00,0.00091233075,0.0009845330745378,7.220232090218498e-05
2025-05-13 17:45:00,2025-05-27 07:45:00,2025-05-27 08:00:00,2025-05-30 04:30:00,2025-05-30 04:45:00,0.00094848074,0.0009029417287154001,4.5539009145845796e-05
2025-05-13 18:00:00,2025-05-27 08:00:00,2025-05-27 08:15:00,2025-05-30 04:45:00,2025-05-30 05:00:00,0.0009792397,0.0008928154528836,8.6424250272454e-05
2025-05-13 18:15:00,2025-05-27 08:15:00,2025-05-27 08:30:00,2025-05-30 05:00:00,2025-05-30 05:15:00,0.001012499,0.0008931448694324,0.00011935410909300016
2025-05-13 18:30:00,2025-05-27 08:30:00,2025-05-27 08:45:00,2025-05-30 05:15:00,2025-05-30 05:30:00,0.0009797221,0.0008883990224519999,9.132310579770494e-05
2025-05-13 18:45:00,2025-05-27 08:45:00,2025-05-27 09:00:00,2025-05-30 05:30:00,2025-05-30 05:45:00,0.0009483722,0.0008925220147982,5.5850165775442285e-05
2025-05-13 19:00:00,2025-05-27 09:00:00,2025-05-27 09:15:00,2025-05-30 05:45:00,2025-05-30 06:00:00,0.0009169217,0.0008558449380058999,6.107677026128224e-05
2025-05-13 19:15:00,2025-05-27 09:15:00,2025-05-27 09:30:00,2025-05-30 06:00:00,2025-05-30 06:15:00,0.0008986419,0.0008532383641308,4.5403519264812205e-05
2025-05-13 19:30:00,2025-05-27 09:30:00,2025-05-27 09:45:00,2025-05-30 06:15:00,2025-05-30 06:30:00,0.0009556333,0.0008385158771936,0.0001171174180406928
2025-05-13 19:45:00,2025-05-27 09:45:00,2025-05-27 10:00:00,2025-05-30 06:30:00,2025-05-30 06:45:00,0.0009666417,0.0008365425912138,0.0001300991114754304
2025-05-13 20:00:00,2025-05-27 10:00:00,2025-05-27 10:15:00,2025-05-30 06:45:00,2025-05-30 07:00:00,0.00095865864,0.0008604771732766,9.818146513367021e-05
2025-05-14 04:00:00,2025-05-27 10:15:00,2025-05-27 10:30:00,2025-05-30 07:00:00,2025-05-30 07:15:00,0.00094315823,0.0008668330733449999,7.632515600231851e-05
2025-05-14 04:15:00,2025-05-27 10:30:00,2025-05-27 10:45:00,2025-05-30 07:15:00,2025-05-30 07:30:00,0.00090459886,0.0008675022522507,3.7096603162796535e-05
2025-05-14 04:30:00,2025-05-27 10:45:00,2025-05-27 11:00:00,2025-05-30 07:30:00,2025-05-30 07:45:00,0.00090519816,0.0008682567819065001,3.694137958376142e-05
2025-05-14 04:45:00,2025-05-27 11:00:00,2025-05-27 11:15:00,2025-05-30 07:45:00,2025-05-30 08:00:00,0.0009056568,0.0011976057623232,0.00029194898267260127
2025-05-14 05:00:00,2025-05-27 11:15:00,2025-05-27 11:30:00,2025-05-30 08:00:00,2025-05-30 08:15:00,0.00091920677,0.0011943119614827,0.000275105195071038
2025-05-14 05:15:00,2025-05-27 11:30:00,2025-05-27 11:45:00,2025-05-30 08:15:00,2025-05-30 08:30:00,0.0009888188,0.0012439688229482,0.00025515000145093854
2025-05-14 05:30:00,2025-05-27 11:45:00,2025-05-27 12:00:00,2025-05-30 08:30:00,2025-05-30 08:45:00,0.0010575943,0.0012522509146556,0.00019465659857538747
2025-05-14 05:45:00,2025-05-27 12:00:00,2025-05-27 12:15:00,2025-05-30 08:45:00,2025-05-30 09:00:00,0.001144606,0.0012466252737248,0.00010201923572809076
2025-05-14 06:00:00,2025-05-27 12:15:00,2025-05-27 12:30:00,2025-05-30 09:00:00,2025-05-30 09:15:00,0.0012372121,0.0013161174742816,7.890537607800055e-05
2025-05-14 06:15:00,2025-05-27 12:30:00,2025-05-27 12:45:00,2025-05-30 09:15:00,2025-05-30 09:30:00,0.0013280023,0.0013711347869147,4.313247469406702e-05
2025-05-14 06:30:00,2025-05-27 12:45:00,2025-05-27 13:00:00,2025-05-30 09:30:00,2025-05-30 09:45:00,0.0012975659,0.0013759203660944,7.83544905194535e-05
2025-05-14 06:45:00,2025-05-27 13:00:00,2025-05-27 13:15:00,2025-05-30 09:45:00,2025-05-30 10:00:00,0.0013258965,0.0015518474343788,0.00022595095891469433
2025-05-14 07:00:00,2025-05-27 13:15:00,2025-05-27 13:30:00,2025-05-30 10:00:00,2025-05-30 10:15:00,0.0013925978,0.0014110878055536,1.849000729553388e-05
2025-05-14 07:15:00,2025-05-27 13:30:00,2025-05-27 13:45:00,2025-05-30 10:15:00,2025-05-30 10:30:00,0.001437797,0.0014139766259099,2.3820352370048205e-05
2025-05-14 07:30:00,2025-05-27 13:45:00,2025-05-27 14:00:00,2025-05-30 10:30:00,2025-05-30 10:45:00,0.0014905591,0.0014164993181063,7.405976157801703e-05
2025-05-14 07:45:00,2025-05-27 14:00:00,2025-05-27 14:15:00,2025-05-30 10:45:00,2025-05-30 11:00:00,0.0014832703,0.0014161710743858,6.709924199893276e-05
2025-05-14 08:00:00,2025-05-27 14:15:00,2025-05-27 14:30:00,2025-05-30 11:00:00,2025-05-30 11:15:00,0.0014772863,0.0014258177629263,5.1468573085884563e-05
2025-05-14 08:15:00,2025-05-27 14:30:00,2025-05-27 14:45:00,2025-05-30 11:15:00,2025-05-30 11:30:00,0.0014927201,0.0015133582447644,2.0638147461009455e-05
2025-05-14 08:30:00,2025-05-27 14:45:00,2025-05-27 15:00:00,2025-05-30 11:30:00,2025-05-30 11:45:00,0.001398039,0.001515318341242,0.00011727929084174291
2025-05-14 08:45:00,2025-05-27 15:00:00,2025-05-27 15:15:00,2025-05-30 11:45:00,2025-05-30 12:00:00,0.0014088687,0.0015197084329586,0.00011083973083007045
2025-05-14 09:00:00,2025-05-27 15:15:00,2025-05-27 15:30:00,2025-05-30 12:00:00,2025-05-30 12:15:00,0.0014265486,0.0018485906183141998,0.00042204203767513544
2025-05-14 09:15:00,2025-05-27 15:30:00,2025-05-27 15:45:00,2025-05-30 12:15:00,2025-05-30 12:30:00,0.0014588055,0.0018517589679131,0.0003929534478256194
2025-05-14 09:30:00,2025-05-27 15:45:00,2025-05-27 16:00:00,2025-05-30 12:30:00,2025-05-30 12:45:00,0.0015659585,0.0018381283610512,0.00027216987138730113
2025-05-14 09:45:00,2025-05-27 16:00:00,2025-05-27 16:15:00,2025-05-30 12:45:00,2025-05-30 13:00:00,0.0016772014,0.0018802324418024,0.0002030310794756587
2025-05-14 10:00:00,2025-05-27 16:15:00,2025-05-27 16:30:00,2025-05-30 13:00:00,2025-05-30 13:15:00,0.0017552695,0.0018924363095814002,0.00013716683243751647
2025-05-14 10:15:00,2025-05-27 16:30:00,2025-05-27 16:45:00,2025-05-30 13:15:00,2025-05-30 13:30:00,0.0018498069,0.0018731605465835,2.3353679043617388e-05
2025-05-14 10:30:00,2025-05-27 16:45:00,2025-05-27 17:00:00,2025-05-30 13:30:00,2025-05-30 13:45:00,0.0019141888,0.0018737836888948,4.0405158982285104e-05
2025-05-14 10:45:00,2025-05-27 17:00:00,2025-05-27 17:15:00,2025-05-30 13:45:00,2025-05-30 14:00:00,0.0018260847,0.0019611932255425,0.0001351085409619355
2025-05-14 11:00:00,2025-05-27 17:15:00,2025-05-27 17:30:00,2025-05-30 14:00:00,2025-05-30 14:15:00,0.0017792324,0.0019831488674409,0.00020391646045216007
2025-05-14 11:15:00,2025-05-27 17:30:00,2025-05-27 17:45:00,2025-05-30 14:15:00,2025-05-30 14:30:00,0.0017815718,0.0018005061124073002,1.8934339526447937e-05
2025-05-14 11:30:00,2025-05-27 17:45:00,2025-05-27 18:00:00,2025-05-30 14:30:00,2025-05-30 14:45:00,0.0017822081,0.0018160167039985,3.3808604968541814e-05
2025-05-14 11:45:00,2025-05-27 18:00:00,2025-05-27 18:15:00,2025-05-30 14:45:00,2025-05-30 15:00:00,0.0017733988,0.0017981365136151,2.4737678403107715e-05
2025-05-14 12:00:00,2025-05-27 18:15:00,2025-05-27 18:30:00,2025-05-30 15:00:00,2025-05-30 15:15:00,0.0017626294,0.0018202075598641,5.7578189658995726e-05
2025-05-14 12:15:00,2025-05-27 18:30:00,2025-05-27 18:45:00,2025-05-30 15:15:00,2025-05-30 15:30:00,0.0017582703,0.001841104122338,8.283380744338346e-05
2025-05-14 12:30:00,2025-05-27 18:45:00,2025-05-27 19:00:00,2025-05-30 15:30:00,2025-05-30 15:45:00,0.0017179479,0.0018045939719939,8.664608287451336e-05
2025-05-14 12:45:00,2025-05-27 19:00:00,2025-05-27 19:15:00,2025-05-30 15:45:00,2025-05-30 16:00:00,0.0016492701,0.00175770112297,0.00010843105597855163
2025-05-14 13:00:00,2025-05-27 19:15:00,2025-05-27 19:30:00,2025-05-30 16:00:00,2025-05-30 16:15:00,0.0016532756,0.0017470643830843997,9.378881411485195e-05
2025-05-14 13:15:00,2025-05-27 19:30:00,2025-05-27 19:45:00,2025-05-30 16:15:00,2025-05-30 16:30:00,0.0016742469,0.0015962559612625,7.799089661159552e-05
2025-05-14 13:30:00,2025-05-27 19:45:00,2025-05-27 20:00:00,2025-05-30 16:30:00,2025-05-30 16:45:00,0.0016761447,0.0015907979489548003,8.534671149571784e-05
2025-05-14 13:45:00,2025-05-27 20:00:00,2025-05-28 04:00:00,2025-05-30 16:45:00,2025-05-30 17:00:00,0.0016347347,0.0015821327156297002,5.2601967109080746e-05
2025-05-14 14:00:00,2025-05-28 04:00:00,2025-05-28 04:15:00,2025-05-30 17:00:00,2025-05-30 17:15:00,0.0015842395,0.0015779905371993,6.248999697047947e-06
2025-05-14 14:15:00,2025-05-28 04:15:00,2025-05-28 04:30:00,2025-05-30 17:15:00,2025-05-30 17:30:00,0.0015430293,0.001581389550288,3.8360222411134084e-05
2025-05-14 14:30:00,2025-05-28 04:30:00,2025-05-28 04:45:00,2025-05-30 17:30:00,2025-05-30 17:45:00,0.0015061618,0.0015732564278364,6.70946682289062e-05
2025-05-14 14:45:00,2025-05-28 04:45:00,2025-05-28 05:00:00,2025-05-30 17:45:00,2025-05-30 18:00:00,0.001471539,0.0014889022001056,1.736317211668923e-05
2025-05-14 15:00:00,2025-05-28 05:00:00,2025-05-28 05:15:00,2025-05-30 18:00:00,2025-05-30 18:15:00,0.0014680913,0.0014902822931291998,2.2191021311515667e-05
2025-05-14 15:15:00,2025-05-28 05:15:00,2025-05-28 05:30:00,2025-05-30 18:15:00,2025-05-30 18:30:00,0.0014617022,0.0014890594212092997,2.735725508412135e-05
2025-05-14 15:30:00,2025-05-28 05:30:00,2025-05-28 05:45:00,2025-05-30 18:30:00,2025-05-30 18:45:00,0.001451713,0.0009912817077322,0.0004604313252882964
2025-05-14 15:45:00,2025-05-28 05:45:00,2025-05-28 06:00:00,2025-05-30 18:45:00,2025-05-30 19:00:00,0.0014420511,0.000970868373421,0.0004711827699644699
2025-05-14 16:00:00,2025-05-28 06:00:00,2025-05-28 06:15:00,2025-05-30 19:00:00,2025-05-30 19:15:00,0.0013889542,0.0009661335750572,0.0004228206564583268
2025-05-14 16:15:00,2025-05-28 06:15:00,2025-05-28 06:30:00,2025-05-30 19:15:00,2025-05-30 19:30:00,0.001308658,0.0009184021462695,0.0003902558975844386
2025-05-14 16:30:00,2025-05-28 06:30:00,2025-05-28 06:45:00,2025-05-30 19:30:00,2025-05-30 19:45:00,0.0012234543,0.0009091165789121,0.00031433767297331416
2025-05-14 16:45:00,2025-05-28 06:45:00,2025-05-28 07:00:00,2025-05-30 19:45:00,2025-05-30 20:00:00,0.0011265938,0.0009536447545950999,0.00017294903914725883
2025-05-14 17:00:00,2025-05-28 07:00:00,2025-05-28 07:15:00,2025-05-30 20:00:00,2025-06-02 04:00:00,0.0010205966,0.0012577405522328,0.000237143956751762
2025-05-14 17:15:00,2025-05-28 07:15:00,2025-05-28 07:30:00,2025-06-02 04:00:00,2025-06-02 04:15:00,0.0010196099,0.0011415246557119,0.00012191479649866703
2025-05-14 17:30:00,2025-05-28 07:30:00,2025-05-28 07:45:00,2025-06-02 04:15:00,2025-06-02 04:30:00,0.0010692005,0.0011166753021185,4.747484411342937e-05
2025-05-14 17:45:00,2025-05-28 07:45:00,2025-05-28 08:00:00,2025-06-02 04:30:00,2025-06-02 04:45:00,0.0011287337,0.0011120465979602,1.6687142227981384e-05
2025-05-14 18:00:00,2025-05-28 08:00:00,2025-05-28 08:15:00,2025-06-02 04:45:00,2025-06-02 05:00:00,0.0011937966,0.0010944940960969,9.930253764584961e-05
2025-05-14 18:15:00,2025-05-28 08:15:00,2025-05-28 08:30:00,2025-06-02 05:00:00,2025-06-02 05:15:00,0.0012643975,0.0010529401737614,0.00021145734681054704
2025-05-14 18:30:00,2025-05-28 08:30:00,2025-05-28 08:45:00,2025-06-02 05:15:00,2025-06-02 05:30:00,0.0012827242,0.0009733421784196001,0.00030938202419095217
2025-05-14 18:45:00,2025-05-28 08:45:00,2025-05-28 09:00:00,2025-06-02 05:30:00,2025-06-02 05:45:00,0.0012074726,0.0009710476365756001,0.00023642500351409056
2025-05-14 19:00:00,2025-05-28 09:00:00,2025-05-28 09:15:00,2025-06-02 05:45:00,2025-06-02 06:00:00,0.0011747398,0.000988352507824,0.000186387286981646
2025-05-14 19:15:00,2025-05-28 09:15:00,2025-05-28 09:30:00,2025-06-02 06:00:00,2025-06-02 06:15:00,0.0011488396,0.0009850930848995,0.00016374651269076765
2025-05-14 19:30:00,2025-05-28 09:30:00,2025-05-28 09:45:00,2025-06-02 06:15:00,2025-06-02 06:30:00,0.0011225878,0.0009868446213358,0.000135743204767172
2025-05-14 19:45:00,2025-05-28 09:45:00,2025-05-28 10:00:00,2025-06-02 06:30:00,2025-06-02 06:45:00,0.0011296233,0.0009915740358935,0.00013804923376876097
2025-05-14 20:00:00,2025-05-28 10:00:00,2025-05-28 10:15:00,2025-06-02 06:45:00,2025-06-02 07:00:00,0.0011103646,0.001013893241548,9.647132500910935e-05
2025-05-15 04:00:00,2025-05-28 10:15:00,2025-05-28 10:30:00,2025-06-02 07:00:00,2025-06-02 07:15:00,0.0011054482,0.0010129770101027,9.247122099833617e-05
2025-05-15 04:15:00,2025-05-28 10:30:00,2025-05-28 10:45:00,2025-06-02 07:15:00,2025-06-02 07:30:00,0.0010780081,0.0010111936525222,6.681443948633112e-05
2025-05-15 04:30:00,2025-05-28 10:45:00,2025-05-28 11:00:00,2025-06-02 07:30:00,2025-06-02 07:45:00,0.0010742189,0.0010045367190071,6.968217069128614e-05
2025-05-15 04:45:00,2025-05-28 11:00:00,2025-05-28 11:15:00,2025-06-02 07:45:00,2025-06-02 08:00:00,0.0010774833,0.0010285537953501,4.892949638763528e-05
2025-05-15 05:00:00,2025-05-28 11:15:00,2025-05-28 11:30:00,2025-06-02 08:00:00,2025-06-02 08:15:00,0.0010797292,0.0010347426526233,4.4986523503120525e-05
2025-05-15 05:15:00,2025-05-28 11:30:00,2025-05-28 11:45:00,2025-06-02 08:15:00,2025-06-02 08:30:00,0.001089668,0.001073225020798,1.6442997014073273e-05
2025-05-15 05:30:00,2025-05-28 11:45:00,2025-05-28 12:00:00,2025-06-02 08:30:00,2025-06-02 08:45:00,0.0010904889,0.0010722758686244,1.8212993621874972e-05
2025-05-15 05:45:00,2025-05-28 12:00:00,2025-05-28 12:15:00,2025-06-02 08:45:00,2025-06-02 09:00:00,0.0011015855,0.0010786302462224,2.295520808509653e-05
2025-05-15 06:00:00,2025-05-28 12:15:00,2025-05-28 12:30:00,2025-06-02 09:00:00,2025-06-02 09:15:00,0.0011117448,0.0010821120588069,2.9632727805789516e-05
2025-05-15 06:15:00,2025-05-28 12:30:00,2025-05-28 12:45:00,2025-06-02 09:15:00,2025-06-02 09:30:00,0.0011270589,0.0011940077654683,6.694889251524275e-05
2025-05-15 06:30:00,2025-05-28 12:45:00,2025-05-28 13:00:00,2025-06-02 09:30:00,2025-06-02 09:45:00,0.0011214371,0.0014458552559531,0.0003244181953063873
2025-05-15 06:45:00,2025-05-28 13:00:00,2025-05-28 13:15:00,2025-06-02 09:45:00,2025-06-02 10:00:00,0.0011454588,0.0014454094456088,0.00029995066537970836
2025-05-15 07:00:00,2025-05-28 13:15:00,2025-05-28 13:30:00,2025-06-02 10:00:00,2025-06-02 10:15:00,0.0012009046,0.0015199477542746,0.0003190431502270632
2025-05-15 07:15:00,2025-05-28 13:30:00,2025-05-28 13:45:00,2025-06-02 10:15:00,2025-06-02 10:30:00,0.0012688125,0.001296496042629,2.768358739208823e-05
2025-05-15 07:30:00,2025-05-28 13:45:00,2025-05-28 14:00:00,2025-06-02 10:30:00,2025-06-02 10:45:00,0.001360494,0.0013163673200166,4.412662494125241e-05
2025-05-15 07:45:00,2025-05-28 14:00:00,2025-05-28 14:15:00,2025-06-02 10:45:00,2025-06-02 11:00:00,0.0014457341,0.0013015536047299,0.00014418045377688677
2025-05-15 08:00:00,2025-05-28 14:15:00,2025-05-28 14:30:00,2025-06-02 11:00:00,2025-06-02 11:15:00,0.0014515119,0.0013299636231268,0.0001215482442175795
2025-05-15 08:15:00,2025-05-28 14:30:00,2025-05-28 14:45:00,2025-06-02 11:15:00,2025-06-02 11:30:00,0.001374099,0.0013104996618876997,6.359939248610103e-05
2025-05-15 08:30:00,2025-05-28 14:45:00,2025-05-28 15:00:00,2025-06-02 11:30:00,2025-06-02 11:45:00,0.0013453609,0.0013282430854688,1.7117798974125445e-05
2025-05-15 08:45:00,2025-05-28 15:00:00,2025-05-28 15:15:00,2025-06-02 11:45:00,2025-06-02 12:00:00,0.0012794705,0.0013128208363046,3.335032552378861e-05
2025-05-15 09:00:00,2025-05-28 15:15:00,2025-05-28 15:30:00,2025-06-02 12:00:00,2025-06-02 12:15:00,0.0012846941,0.0013165165630502,3.182249677901412e-05
2025-05-15 09:15:00,2025-05-28 15:30:00,2025-05-28 15:45:00,2025-06-02 12:15:00,2025-06-02 12:30:00,0.0012834661,0.0013155053762538998,3.203925879734443e-05
2025-05-15 09:30:00,2025-05-28 15:45:00,2025-05-28 16:00:00,2025-06-02 12:30:00,2025-06-02 12:45:00,0.0012847175,0.0013343394138606998,4.962194810982667e-05
2025-05-15 09:45:00,2025-05-28 16:00:00,2025-05-28 16:15:00,2025-06-02 12:45:00,2025-06-02 13:00:00,0.0012756282,0.0013340023565478999,5.837413346398653e-05
2025-05-15 10:00:00,2025-05-28 16:15:00,2025-05-28 16:30:00,2025-06-02 13:00:00,2025-06-02 13:15:00,0.0012809645,0.0013386461049706999,5.7681636364883496e-05
2025-05-15 10:15:00,2025-05-28 16:30:00,2025-05-28 16:45:00,2025-06-02 13:15:00,2025-06-02 13:30:00,0.0012770711,0.0013306365838438,5.3565509261163614e-05
2025-05-15 10:30:00,2025-05-28 16:45:00,2025-05-28 17:00:00,2025-06-02 13:30:00,2025-06-02 13:45:00,0.0012796073,0.0013303039827187,5.069668393474199e-05
2025-05-15 10:45:00,2025-05-28 17:00:00,2025-05-28 17:15:00,2025-06-02 13:45:00,2025-06-02 14:00:00,0.001278891,0.0013311783338521997,5.228733854344288e-05
2025-05-15 11:00:00,2025-05-28 17:15:00,2025-05-28 17:30:00,2025-06-02 14:00:00,2025-06-02 14:15:00,0.0012839119,0.0013725249951314,8.861312340756929e-05
2025-05-15 11:15:00,2025-05-28 17:30:00,2025-05-28 17:45:00,2025-06-02 14:15:00,2025-06-02 14:30:00,0.0012721064,0.0013646377028417999,9.253127607379498e-05
2025-05-15 11:30:00,2025-05-28 17:45:00,2025-05-28 18:00:00,2025-06-02 14:30:00,2025-06-02 14:45:00,0.0012725807,0.0013425869924462,7.000628965707226e-05
2025-05-15 11:45:00,2025-05-28 18:00:00,2025-05-28 18:15:00,2025-06-02 14:45:00,2025-06-02 15:00:00,0.0012726308,0.0013233291858812998,5.069842450378635e-05
2025-05-15 12:00:00,2025-05-28 18:15:00,2025-05-28 18:30:00,2025-06-02 15:00:00,2025-06-02 15:15:00,0.0012757157,0.0013251565881620998,4.9440937171494476e-05
2025-05-15 12:15:00,2025-05-28 18:30:00,2025-05-28 18:45:00,2025-06-02 15:15:00,2025-06-02 15:30:00,0.001274261,0.0013275411131837998,5.328007163942199e-05
2025-05-15 12:30:00,2025-05-28 18:45:00,2025-05-28 19:00:00,2025-06-02 15:30:00,2025-06-02 15:45:00,0.0013111708,0.0013383582315964,2.71874794361489e-05
2025-05-15 12:45:00,2025-05-28 19:00:00,2025-05-28 19:15:00,2025-06-02 15:45:00,2025-06-02 16:00:00,0.0012896301,0.0012624543698614998,2.71757060551481e-05
2025-05-15 13:00:00,2025-05-28 19:15:00,2025-05-28 19:30:00,2025-06-02 16:00:00,2025-06-02 16:15:00,0.0012813791,0.0008996136376614,0.0003817655023207639
2025-05-15 13:15:00,2025-05-28 19:30:00,2025-05-28 19:45:00,2025-06-02 16:15:00,2025-06-02 16:30:00,0.0012732722,0.0009103402098089,0.0003629319999918798
2025-05-15 13:30:00,2025-05-28 19:45:00,2025-05-28 20:00:00,2025-06-02 16:30:00,2025-06-02 16:45:00,0.001240915,0.0007690515311403,0.0004718635056199706
2025-05-15 13:45:00,2025-05-28 20:00:00,2025-05-29 04:00:00,2025-06-02 16:45:00,2025-06-02 17:00:00,0.0011786072,0.0007666292042179,0.00041197802399415857
2025-05-15 14:00:00,2025-05-29 04:00:00,2025-05-29 04:15:00,2025-06-02 17:00:00,2025-06-02 17:15:00,0.0013298438,0.0007392956740756,0.0005905480957056915
2025-05-15 14:15:00,2025-05-29 04:15:00,2025-05-29 04:30:00,2025-06-02 17:15:00,2025-06-02 17:30:00,0.0012076605,0.0007361976267386001,0.00047146290768051925
2025-05-15 14:30:00,2025-05-29 04:30:00,2025-05-29 04:45:00,2025-06-02 17:30:00,2025-06-02 17:45:00,0.0009857126,0.0006781871954439,0.00030752543243637524
2025-05-15 14:45:00,2025-05-29 04:45:00,2025-05-29 05:00:00,2025-06-02 17:45:00,2025-06-02 18:00:00,0.00095843914,0.0007072354723043,0.0002512036650166655
2025-05-15 15:00:00,2025-05-29 05:00:00,2025-05-29 05:15:00,2025-06-02 18:00:00,2025-06-02 18:15:00,0.000925269,0.0006770261306012,0.00024824284727927785
2025-05-15 15:15:00,2025-05-29 05:15:00,2025-05-29 05:30:00,2025-06-02 18:15:00,2025-06-02 18:30:00,0.0008907965,0.000671808929284,0.00021898755095071238
2025-05-15 15:30:00,2025-05-29 05:30:00,2025-05-29 05:45:00,2025-06-02 18:30:00,2025-06-02 18:45:00,0.0008827524,0.0006653073357519,0.00021744507857521483
2025-05-15 15:45:00,2025-05-29 05:45:00,2025-05-29 06:00:00,2025-06-02 18:45:00,2025-06-02 19:00:00,0.000902377,0.0006537815275018,0.0002485954832869685
2025-05-15 16:00:00,2025-05-29 06:00:00,2025-05-29 06:15:00,2025-06-02 19:00:00,2025-06-02 19:15:00,0.00089309993,0.0006120531297321,0.00028104680226794096
2025-05-15 16:15:00,2025-05-29 06:15:00,2025-05-29 06:30:00,2025-06-02 19:15:00,2025-06-02 19:30:00,0.000889195,0.0006595476365902,0.00022964737626980018
2025-05-15 16:30:00,2025-05-29 06:30:00,2025-05-29 06:45:00,2025-06-02 19:30:00,2025-06-02 19:45:00,0.0008764769,0.0006799809940229,0.0001964958777581512
2025-05-15 16:45:00,2025-05-29 06:45:00,2025-05-29 07:00:00,2025-06-02 19:45:00,2025-06-02 20:00:00,0.0008766807,0.0007773927996471,9.928791536247016e-05
2025-05-15 17:00:00,2025-05-29 07:00:00,2025-05-29 07:15:00,2025-06-02 20:00:00,2025-06-03 04:00:00,0.00087719667,0.0013424400592687,0.00046524339155279296
2025-05-15 17:15:00,2025-05-29 07:15:00,2025-05-29 07:30:00,2025-06-03 04:00:00,2025-06-03 04:15:00,0.00090577756,0.0013382417458555997,0.0004324641853086055
2025-05-15 17:30:00,2025-05-29 07:30:00,2025-05-29 07:45:00,2025-06-03 04:15:00,2025-06-03 04:30:00,0.0010182909,0.0012826249682735,0.0002643340946565662
2025-05-15 17:45:00,2025-05-29 07:45:00,2025-05-29 08:00:00,2025-06-03 04:30:00,2025-06-03 04:45:00,0.0011600897,0.0012839815342522,0.00012389179279122101
2025-05-15 18:00:00,2025-05-29 08:00:00,2025-05-29 08:15:00,2025-06-03 04:45:00,2025-06-03 05:00:00,0.0012916573,0.001282092237636,9.565094694942216e-06
2025-05-15 18:15:00,2025-05-29 08:15:00,2025-05-29 08:30:00,2025-06-03 05:00:00,2025-06-03 05:15:00,0.0014238146,0.0012827694423746,0.00014104512443135868
2025-05-15 18:30:00,2025-05-29 08:30:00,2025-05-29 08:45:00,2025-06-03 05:15:00,2025-06-03 05:30:00,0.0014894939,0.0012763942040172002,0.00021309967547240047
2025-05-15 18:45:00,2025-05-29 08:45:00,2025-05-29 09:00:00,2025-06-03 05:30:00,2025-06-03 05:45:00,0.0013852492,0.001270786517874,0.00011446267960906267
2025-05-15 19:00:00,2025-05-29 09:00:00,2025-05-29 09:15:00,2025-06-03 05:45:00,2025-06-03 06:00:00,0.0013426798,0.0012445806153483,9.809922423295115e-05
2025-05-15 19:15:00,2025-05-29 09:15:00,2025-05-29 09:30:00,2025-06-03 06:00:00,2025-06-03 06:15:00,0.0013294917,0.0012406158477825,8.887588206558678e-05
2025-05-15 19:30:00,2025-05-29 09:30:00,2025-05-29 09:45:00,2025-06-03 06:15:00,2025-06-03 06:30:00,0.0013233586,0.00124322245998,8.013616146827838e-05
2025-05-15 19:45:00,2025-05-29 09:45:00,2025-05-29 10:00:00,2025-06-03 06:30:00,2025-06-03 06:45:00,0.00131381,0.0012542601307075,5.954987321388954e-05
2025-05-15 20:00:00,2025-05-29 10:00:00,2025-05-29 10:15:00,2025-06-03 06:45:00,2025-06-03 07:00:00,0.0013062082,0.001257287990008,4.892020981341256e-05
2025-05-16 04:00:00,2025-05-29 10:15:00,2025-05-29 10:30:00,2025-06-03 07:00:00,2025-06-03 07:15:00,0.0012589954,0.00126013325181,1.1378678321100066e-06
2025-05-16 04:15:00,2025-05-29 10:30:00,2025-05-29 10:45:00,2025-06-03 07:15:00,2025-06-03 07:30:00,0.00124811,0.0012635203825726,1.5410413262137608e-05
2025-05-16 04:30:00,2025-05-29 10:45:00,2025-05-29 11:00:00,2025-06-03 07:30:00,2025-06-03 07:45:00,0.0012450828,0.001263328944454,1.824612275700332e-05
2025-05-16 04:45:00,2025-05-29 11:00:00,2025-05-29 11:15:00,2025-06-03 07:45:00,2025-06-03 08:00:00,0.001243276,0.0012636302721193,2.0354216217057268e-05
2025-05-16 05:00:00,2025-05-29 11:15:00,2025-05-29 11:30:00,2025-06-03 08:00:00,2025-06-03 08:15:00,0.0012451684,0.001259593277288,1.4424890329460408e-05
2025-05-16 05:15:00,2025-05-29 11:30:00,2025-05-29 11:45:00,2025-06-03 08:15:00,2025-06-03 08:30:00,0.0012399787,0.0012789349207678,3.8956212440983354e-05
2025-05-16 05:30:00,2025-05-29 11:45:00,2025-05-29 12:00:00,2025-06-03 08:30:00,2025-06-03 08:45:00,0.001239331,0.0012859731194209,4.6642145944728475e-05
2025-05-16 05:45:00,2025-05-29 12:00:00,2025-05-29 12:15:00,2025-06-03 08:45:00,2025-06-03 09:00:00,0.0012840265,0.0012856109956653,1.5844548494697245e-06
2025-05-16 06:00:00,2025-05-29 12:15:00,2025-05-29 12:30:00,2025-06-03 09:00:00,2025-06-03 09:15:00,0.001289232,0.001287719505722,1.5125462093216503e-06
2025-05-16 06:15:00,2025-05-29 12:30:00,2025-05-29 12:45:00,2025-06-03 09:15:00,2025-06-03 09:30:00,0.0012927355,0.001303474252857,1.0738798230618693e-05
2025-05-16 06:30:00,2025-05-29 12:45:00,2025-05-29 13:00:00,2025-06-03 09:30:00,2025-06-03 09:45:00,0.0012964039,0.001304317732391,7.913798143208226e-06
2025-05-16 06:45:00,2025-05-29 13:00:00,2025-05-29 13:15:00,2025-06-03 09:45:00,2025-06-03 10:00:00,0.001299464,0.0013039834315231,4.519404125765325e-06
2025-05-16 07:00:00,2025-05-29 13:15:00,2025-05-29 13:30:00,2025-06-03 10:00:00,2025-06-03 10:15:00,0.0013012508,0.0012789997162123,2.2251053544434336e-05
2025-05-16 07:15:00,2025-05-29 13:30:00,2025-05-29 13:45:00,2025-06-03 10:15:00,2025-06-03 10:30:00,0.0013000346,0.000636903994898,0.0006631305839916084
2025-05-16 07:30:00,2025-05-29 13:45:00,2025-05-29 14:00:00,2025-06-03 10:30:00,2025-06-03 10:45:00,0.001305762,0.000649993797984,0.0006557681819088499
2025-05-16 07:45:00,2025-05-29 14:00:00,2025-05-29 14:15:00,2025-06-03 10:45:00,2025-06-03 11:00:00,0.0012607698,0.0006409270465654,0.0006198427397477762
2025-05-16 08:00:00,2025-05-29 14:15:00,2025-05-29 14:30:00,2025-06-03 11:00:00,2025-06-03 11:15:00,0.0011679897,0.0006423120833295,0.0005256776018706548
2025-05-16 08:15:00,2025-05-29 14:30:00,2025-05-29 14:45:00,2025-06-03 11:15:00,2025-06-03 11:30:00,0.001058674,0.0006441884597710001,0.0004144854920038355
2025-05-16 08:30:00,2025-05-29 14:45:00,2025-05-29 15:00:00,2025-06-03 11:30:00,2025-06-03 11:45:00,0.000947488,0.000630898214251,0.00031658979195336664
2025-05-16 08:45:00,2025-05-29 15:00:00,2025-05-29 15:15:00,2025-06-03 11:45:00,2025-06-03 12:00:00,0.0008287042,0.0006287308281415,0.00019997338651336286
2025-05-16 09:00:00,2025-05-29 15:15:00,2025-05-29 15:30:00,2025-06-03 12:00:00,2025-06-03 12:15:00,0.00082764373,0.0006170768329826,0.00021056689629808038
2025-05-16 09:15:00,2025-05-29 15:30:00,2025-05-29 15:45:00,2025-06-03 12:15:00,2025-06-03 12:30:00,0.0008200029,0.0006000109451438001,0.00021999198090409124
2025-05-16 09:30:00,2025-05-29 15:45:00,2025-05-29 16:00:00,2025-06-03 12:30:00,2025-06-03 12:45:00,0.00081581844,0.0006017062700234,0.00021411216548908308
2025-05-16 09:45:00,2025-05-29 16:00:00,2025-05-29 16:15:00,2025-06-03 12:45:00,2025-06-03 13:00:00,0.0007789357,0.0006019791602574,0.0001769565147862127
2025-05-16 10:00:00,2025-05-29 16:15:00,2025-05-29 16:30:00,2025-06-03 13:00:00,2025-06-03 13:15:00,0.0007686341,0.0006050853345349,0.00016354874868024726
2025-05-16 10:15:00,2025-05-29 16:30:00,2025-05-29 16:45:00,2025-06-03 13:15:00,2025-06-03 13:30:00,0.0007568883,0.0006124934639522,0.00014439483715955777
2025-05-16 10:30:00,2025-05-29 16:45:00,2025-05-29 17:00:00,2025-06-03 13:30:00,2025-06-03 13:45:00,0.00074945745,0.0006633487755597,8.610867735218356e-05
2025-05-16 10:45:00,2025-05-29 17:00:00,2025-05-29 17:15:00,2025-06-03 13:45:00,2025-06-03 14:00:00,0.0007467776,0.0007543872440315,7.60967182807245e-06
2025-05-16 11:00:00,2025-05-29 17:15:00,2025-05-29 17:30:00,2025-06-03 14:00:00,2025-06-03 14:15:00,0.0007551523,0.0008019126409586,4.67603251259255e-05
2025-05-16 11:15:00,2025-05-29 17:30:00,2025-05-29 17:45:00,2025-06-03 14:15:00,2025-06-03 14:30:00,0.0007773359,0.0008013524098692,2.401651417813298e-05
2025-05-16 11:30:00,2025-05-29 17:45:00,2025-05-29 18:00:00,2025-06-03 14:30:00,2025-06-03 14:45:00,0.000810601,0.0008000691007306999,1.0531891095804605e-05
2025-05-16 11:45:00,2025-05-29 18:00:00,2025-05-29 18:15:00,2025-06-03 14:45:00,2025-06-03 15:00:00,0.0008461249,0.0007615994070208,8.452548743054992e-05
2025-05-16 12:00:00,2025-05-29 18:15:00,2025-05-29 18:30:00,2025-06-03 15:00:00,2025-06-03 15:15:00,0.0008774222,0.0007578792963292,0.00011954292607274674
2025-05-16 12:15:00,2025-05-29 18:30:00,2025-05-29 18:45:00,2025-06-03 15:15:00,2025-06-03 15:30:00,0.00088764686,0.0007738329042634,0.00011381395943928468
2025-05-16 12:30:00,2025-05-29 18:45:00,2025-05-29 19:00:00,2025-06-03 15:30:00,2025-06-03 15:45:00,0.00088562735,0.0007734699176372,0.0001121574312700919
2025-05-16 12:45:00,2025-05-29 19:00:00,2025-05-29 19:15:00,2025-06-03 15:45:00,2025-06-03 16:00:00,0.0008706446,0.0007632129022864,0.00010743167828644357
2025-05-16 13:00:00,2025-05-29 19:15:00,2025-05-29 19:30:00,2025-06-03 16:00:00,2025-06-03 16:15:00,0.0008637516,0.0007218637654405,0.00014188780571930979
2025-05-16 13:15:00,2025-05-29 19:30:00,2025-05-29 19:45:00,2025-06-03 16:15:00,2025-06-03 16:30:00,0.0008568463,0.0007180939019801,0.00013875237795022333
2025-05-16 13:30:00,2025-05-29 19:45:00,2025-05-29 20:00:00,2025-06-03 16:30:00,2025-06-03 16:45:00,0.0008540111,0.0006670871982535,0.00018692390292905019
2025-05-16 13:45:00,2025-05-29 20:00:00,2025-05-30 04:00:00,2025-06-03 16:45:00,2025-06-03 17:00:00,0.0008812023,0.0006606364864522,0.00022056579965712832
2025-05-16 14:00:00,2025-05-30 04:00:00,2025-05-30 04:15:00,2025-06-03 17:00:00,2025-06-03 17:15:00,0.0008704103,0.0006319277662030001,0.0002384825285346667
2025-05-16 14:15:00,2025-05-30 04:15:00,2025-05-30 04:30:00,2025-06-03 17:15:00,2025-06-03 17:30:00,0.0008239617,0.0006282213937038,0.0001957402935704772
2025-05-16 14:30:00,2025-05-30 04:30:00,2025-05-30 04:45:00,2025-06-03 17:30:00,2025-06-03 17:45:00,0.00079279963,0.0006217521480909,0.00017104748583674325
2025-05-16 14:45:00,2025-05-30 04:45:00,2025-05-30 05:00:00,2025-06-03 17:45:00,2025-06-03 18:00:00,0.00078294746,0.0006156319276805,0.00016731553576859075
2025-05-16 15:00:00,2025-05-30 05:00:00,2025-05-30 05:15:00,2025-06-03 18:00:00,2025-06-03 18:15:00,0.00076635036,0.0006110572475034,0.0001552931163434683
2025-05-16 15:15:00,2025-05-30 05:15:00,2025-05-30 05:30:00,2025-06-03 18:15:00,2025-06-03 18:30:00,0.0007593804,0.0006117058516185,0.0001476745522876069
2025-05-16 15:30:00,2025-05-30 05:30:00,2025-05-30 05:45:00,2025-06-03 18:30:00,2025-06-03 18:45:00,0.0007499642,0.0006032189633835999,0.00014674524542419637
2025-05-16 15:45:00,2025-05-30 05:45:00,2025-05-30 06:00:00,2025-06-03 18:45:00,2025-06-03 19:00:00,0.0007467043,0.0005922939637345,0.0001544103250238375
2025-05-16 16:00:00,2025-05-30 06:00:00,2025-05-30 06:15:00,2025-06-03 19:00:00,2025-06-03 19:15:00,0.00074264535,0.0005924336904728001,0.0001502116616747195
2025-05-16 16:15:00,2025-05-30 06:15:00,2025-05-30 06:30:00,2025-06-03 19:15:00,2025-06-03 19:30:00,0.0007405498,0.0005889943105374,0.0001515555076095739
2025-05-16 16:30:00,2025-05-30 06:30:00,2025-05-30 06:45:00,2025-06-03 19:30:00,2025-06-03 19:45:00,0.00073888653,0.000589082673818,0.00014980386041837154
2025-05-16 16:45:00,2025-05-30 06:45:00,2025-05-30 07:00:00,2025-06-03 19:45:00,2025-06-03 20:00:00,0.00073623355,0.0005931080067666,0.00014312553870065746
2025-05-16 17:00:00,2025-05-30 07:00:00,2025-05-30 07:15:00,2025-06-03 20:00:00,2025-06-04 04:00:00,0.0007332978,0.0007439819726243,1.0684188742874148e-05
2025-05-16 17:15:00,2025-05-30 07:15:00,2025-05-30 07:30:00,2025-06-04 04:00:00,2025-06-04 04:15:00,0.0007261163,0.0006827623761135,4.335392118740499e-05
2025-05-16 17:30:00,2025-05-30 07:30:00,2025-05-30 07:45:00,2025-06-04 04:15:00,2025-06-04 04:30:00,0.0007399057,0.0006125573242119,0.00012734836795940546
2025-05-16 17:45:00,2025-05-30 07:45:00,2025-05-30 08:00:00,2025-06-04 04:30:00,2025-06-04 04:45:00,0.00075466034,0.0006307725315593001,0.0001238878131233338
2025-05-16 18:00:00,2025-05-30 08:00:00,2025-05-30 08:15:00,2025-06-04 04:45:00,2025-06-04 05:00:00,0.000800201,0.000637708179639,0.00016249284941209521
2025-05-16 18:15:00,2025-05-30 08:15:00,2025-05-30 08:30:00,2025-06-04 05:00:00,2025-06-04 05:15:00,0.0008102423,0.0006287707470439,0.00018147156917605568
2025-05-16 18:30:00,2025-05-30 08:30:00,2025-05-30 08:45:00,2025-06-04 05:15:00,2025-06-04 05:30:00,0.0008252186,0.0006268833248117,0.00019833529869234267
2025-05-16 18:45:00,2025-05-30 08:45:00,2025-05-30 09:00:00,2025-06-04 05:30:00,2025-06-04 05:45:00,0.0007866605,0.0006201829337476,0.00016647753818349988
2025-05-16 19:00:00,2025-05-30 09:00:00,2025-05-30 09:15:00,2025-06-04 05:45:00,2025-06-04 06:00:00,0.0007422093,0.0006206401767832,0.00012156914177641675
2025-05-16 19:15:00,2025-05-30 09:15:00,2025-05-30 09:30:00,2025-06-04 06:00:00,2025-06-04 06:15:00,0.00073842995,0.0006174426356132,0.00012098731773096624
2025-05-16 19:30:00,2025-05-30 09:30:00,2025-05-30 09:45:00,2025-06-04 06:15:00,2025-06-04 06:30:00,0.00073585985,0.0006153132120073,0.00012054664027689305
2025-05-16 19:45:00,2025-05-30 09:45:00,2025-05-30 10:00:00,2025-06-04 06:30:00,2025-06-04 06:45:00,0.0007617347,0.0006025603605042,0.00015917431045521307
2025-05-16 20:00:00,2025-05-30 10:00:00,2025-05-30 10:15:00,2025-06-04 06:45:00,2025-06-04 07:00:00,0.00076138054,0.0006033979963399,0.00015798253921051552
2025-05-19 04:00:00,2025-05-30 10:15:00,2025-05-30 10:30:00,2025-06-04 07:00:00,2025-06-04 07:15:00,0.0007578614,0.000610552822241,0.0001473085945459091
2025-05-19 04:15:00,2025-05-30 10:30:00,2025-05-30 10:45:00,2025-06-04 07:15:00,2025-06-04 07:30:00,0.00072881946,0.0006120303028054,0.00011678915826832646
2025-05-19 04:30:00,2025-05-30 10:45:00,2025-05-30 11:00:00,2025-06-04 07:30:00,2025-06-04 07:45:00,0.00072436343,0.0006109939090905,0.0001133695227096568
2025-05-19 04:45:00,2025-05-30 11:00:00,2025-05-30 11:15:00,2025-06-04 07:45:00,2025-06-04 08:00:00,0.0007212563,0.0006122621705046,0.00010899413635599589
2025-05-19 05:00:00,2025-05-30 11:15:00,2025-05-30 11:30:00,2025-06-04 08:00:00,2025-06-04 08:15:00,0.00072153856,0.0008257902500063,0.00010425169419793468
2025-05-19 05:15:00,2025-05-30 11:30:00,2025-05-30 11:45:00,2025-06-04 08:15:00,2025-06-04 08:30:00,0.00075392623,0.0008219869221141,6.806069245090672e-05
2025-05-19 05:30:00,2025-05-30 11:45:00,2025-05-30 12:00:00,2025-06-04 08:30:00,2025-06-04 08:45:00,0.00078603585,0.0008396051764718,5.356933094996248e-05
2025-05-19 05:45:00,2025-05-30 12:00:00,2025-05-30 12:15:00,2025-06-04 08:45:00,2025-06-04 09:00:00,0.00082522555,0.0008402584566181,1.5032906402408642e-05
2025-05-19 06:00:00,2025-05-30 12:15:00,2025-05-30 12:30:00,2025-06-04 09:00:00,2025-06-04 09:15:00,0.0008681734,0.0008558031791805,1.2370195148262287e-05
2025-05-19 06:15:00,2025-05-30 12:30:00,2025-05-30 12:45:00,2025-06-04 09:15:00,2025-06-04 09:30:00,0.0009113024,0.0008701829744695002,4.111942442075673e-05
2025-05-19 06:30:00,2025-05-30 12:45:00,2025-05-30 13:00:00,2025-06-04 09:30:00,2025-06-04 09:45:00,0.0009434211,0.0008655386962344,7.788239890960363e-05
2025-05-19 06:45:00,2025-05-30 13:00:00,2025-05-30 13:15:00,2025-06-04 09:45:00,2025-06-04 10:00:00,0.00091841375,0.000904936129648,1.3477615591377047e-05
2025-05-19 07:00:00,2025-05-30 13:15:00,2025-05-30 13:30:00,2025-06-04 10:00:00,2025-06-04 10:15:00,0.00091910234,0.0009336126420229,1.4510300154916677e-05
2025-05-19 07:15:00,2025-05-30 13:30:00,2025-05-30 13:45:00,2025-06-04 10:15:00,2025-06-04 10:30:00,0.00089277915,0.0008207062107027,7.207293887804688e-05
2025-05-19 07:30:00,2025-05-30 13:45:00,2025-05-30 14:00:00,2025-06-04 10:30:00,2025-06-04 10:45:00,0.00091045705,0.0008309245429655,7.953250606531064e-05
2025-05-19 07:45:00,2025-05-30 14:00:00,2025-05-30 14:15:00,2025-06-04 10:45:00,2025-06-04 11:00:00,0.0009459401,0.0008302634148042,0.00011567667507349482
2025-05-19 08:00:00,2025-05-30 14:15:00,2025-05-30 14:30:00,2025-06-04 11:00:00,2025-06-04 11:15:00,0.0009471384,0.0008363358845374,0.00011080252645552036
2025-05-19 08:15:00,2025-05-30 14:30:00,2025-05-30 14:45:00,2025-06-04 11:15:00,2025-06-04 11:30:00,0.00091184286,0.0008398304373299,7.201241969193842e-05
2025-05-19 08:30:00,2025-05-30 14:45:00,2025-05-30 15:00:00,2025-06-04 11:30:00,2025-06-04 11:45:00,0.0009058191,0.0008442968040668,6.152231675008639e-05
2025-05-19 08:45:00,2025-05-30 15:00:00,2025-05-30 15:15:00,2025-06-04 11:45:00,2025-06-04 12:00:00,0.0008836915,0.0009027262357262,1.9034757205568234e-05
2025-05-19 09:00:00,2025-05-30 15:15:00,2025-05-30 15:30:00,2025-06-04 12:00:00,2025-06-04 12:15:00,0.0009229621,0.0009022155855994,2.07465062637554e-05
2025-05-19 09:15:00,2025-05-30 15:30:00,2025-05-30 15:45:00,2025-06-04 12:15:00,2025-06-04 12:30:00,0.00093673833,0.0009208317823324,1.5906549469789323e-05
2025-05-19 09:30:00,2025-05-30 15:45:00,2025-05-30 16:00:00,2025-06-04 12:30:00,2025-06-04 12:45:00,0.0009475152,0.000922092770447,2.542241873501323e-05
2025-05-19 09:45:00,2025-05-30 16:00:00,2025-05-30 16:15:00,2025-06-04 12:45:00,2025-06-04 13:00:00,0.00095535745,0.0009362613928802,1.9096056249023798e-05
2025-05-19 10:00:00,2025-05-30 16:15:00,2025-05-30 16:30:00,2025-06-04 13:00:00,2025-06-04 13:15:00,0.0009648884,0.00093036714406,3.452122746719496e-05
2025-05-19 10:15:00,2025-05-30 16:30:00,2025-05-30 16:45:00,2025-06-04 13:15:00,2025-06-04 13:30:00,0.0009372991,0.0009283201874645,8.97891694292966e-06
2025-05-19 10:30:00,2025-05-30 16:45:00,2025-05-30 17:00:00,2025-06-04 13:30:00,2025-06-04 13:45:00,0.0009288687,0.0009267999717811,2.0687424732494753e-06
2025-05-19 10:45:00,2025-05-30 17:00:00,2025-05-30 17:15:00,2025-06-04 13:45:00,2025-06-04 14:00:00,0.00093152985,0.0009228817614081,8.648090687891322e-06
2025-05-19 11:00:00,2025-05-30 17:15:00,2025-05-30 17:30:00,2025-06-04 14:00:00,2025-06-04 14:15:00,0.0009289481,0.0009231758151724,5.772294331435443e-06
2025-05-19 11:15:00,2025-05-30 17:30:00,2025-05-30 17:45:00,2025-06-04 14:15:00,2025-06-04 14:30:00,0.00092919834,0.0009224150788383,6.783265399802401e-06
2025-05-19 11:30:00,2025-05-30 17:45:00,2025-05-30 18:00:00,2025-06-04 14:30:00,2025-06-04 14:45:00,0.00095452747,0.0007512146430291,0.00020331282306315873
2025-05-19 11:45:00,2025-05-30 18:00:00,2025-05-30 18:15:00,2025-06-04 14:45:00,2025-06-04 15:00:00,0.0009257232,0.0007495774130641,0.00017614575919448565
2025-05-19 12:00:00,2025-05-30 18:15:00,2025-05-30 18:30:00,2025-06-04 15:00:00,2025-06-04 15:15:00,0.00091810053,0.000733448233992,0.00018465229582400168
2025-05-19 12:15:00,2025-05-30 18:30:00,2025-05-30 18:45:00,2025-06-04 15:15:00,2025-06-04 15:30:00,0.0009035521,0.0007388572732576,0.0001646948337896896
2025-05-19 12:30:00,2025-05-30 18:45:00,2025-05-30 19:00:00,2025-06-04 15:30:00,2025-06-04 15:45:00,0.00088301237,0.0007700175361876,0.00011299483355315439
2025-05-19 12:45:00,2025-05-30 19:00:00,2025-05-30 19:15:00,2025-06-04 15:45:00,2025-06-04 16:00:00,0.0008577361,0.0007483467997535,0.00010938930068920757
2025-05-19 13:00:00,2025-05-30 19:15:00,2025-05-30 19:30:00,2025-06-04 16:00:00,2025-06-04 16:15:00,0.00083247625,0.0007459620433056,8.651420239943835e-05
2025-05-19 13:15:00,2025-05-30 19:30:00,2025-05-30 19:45:00,2025-06-04 16:15:00,2025-06-04 16:30:00,0.0008348163,0.0007076784809477,0.00012713782914138157
2025-05-19 13:30:00,2025-05-30 19:45:00,2025-05-30 20:00:00,2025-06-04 16:30:00,2025-06-04 16:45:00,0.0008359634,0.0006512942367521,0.00018466917171060325
2025-05-19 13:45:00,2025-05-30 20:00:00,2025-06-02 04:00:00,2025-06-04 16:45:00,2025-06-04 17:00:00,0.00083511276,0.0006282256712411,0.00020688709046501384
2025-05-19 14:00:00,2025-06-02 04:00:00,2025-06-02 04:15:00,2025-06-04 17:00:00,2025-06-04 17:15:00,0.00086052675,0.0005967016704238,0.00026382507990608194
2025-05-19 14:15:00,2025-06-02 04:15:00,2025-06-02 04:30:00,2025-06-04 17:15:00,2025-06-04 17:30:00,0.0008370731,0.0005963189753093,0.00024075410400105758
2025-05-19 14:30:00,2025-06-02 04:30:00,2025-06-02 04:45:00,2025-06-04 17:30:00,2025-06-04 17:45:00,0.0007850634,0.0005741577390161,0.0002109056893225171
2025-05-19 14:45:00,2025-06-02 04:45:00,2025-06-02 05:00:00,2025-06-04 17:45:00,2025-06-04 18:00:00,0.00076559256,0.0005639834869936,0.0002016090713158359
2025-05-19 15:00:00,2025-06-02 05:00:00,2025-06-02 05:15:00,2025-06-04 18:00:00,2025-06-04 18:15:00,0.0007470821,0.0005557460431634,0.0001913360715219268
2025-05-19 15:15:00,2025-06-02 05:15:00,2025-06-02 05:30:00,2025-06-04 18:15:00,2025-06-04 18:30:00,0.0007355238,0.0004478280647195,0.0002876957547382396
2025-05-19 15:30:00,2025-06-02 05:30:00,2025-06-02 05:45:00,2025-06-04 18:30:00,2025-06-04 18:45:00,0.00072536216,0.0004485942829809,0.0002767678758652101
2025-05-19 15:45:00,2025-06-02 05:45:00,2025-06-02 06:00:00,2025-06-04 18:45:00,2025-06-04 19:00:00,0.0007122424,0.0004079213974809,0.00030432098742595823
