Date,log_returns,ewma_volatility
2025-05-06 04:30:00,0.0012692512228919734,0.001644355050669965
2025-05-06 04:45:00,-7.146430361071725e-05,0.0016242934589269144
2025-05-06 05:00:00,-0.000947384485492218,0.0015749082243329065
2025-05-06 05:15:00,-0.00035773695983128085,0.0015444636615887808
2025-05-06 05:30:00,-3.578073565573199e-05,0.001499974821720648
2025-05-06 05:45:00,0.001233696148750355,0.0014543059559497032
2025-05-06 06:00:00,0.0,0.0014420214408761823
2025-05-06 06:15:00,7.14719651520067e-05,0.001398091658579588
2025-05-06 06:30:00,8.933277357420665e-05,0.0013556132055828442
2025-05-06 06:45:00,0.0010178299674275092,0.001314497909480128
2025-05-06 07:00:00,-1.7847740922666225e-05,0.0012986104648206012
2025-05-06 07:15:00,-0.0022334798846243833,0.0012590571486205246
2025-05-06 07:30:00,0.00044709522978808694,0.00133769105289084
2025-05-06 07:45:00,-0.0008764947926731504,0.001301555208385379
2025-05-06 08:00:00,0.0007137752662390988,0.0012800381987040817
2025-05-06 08:15:00,-0.0007674631784185774,0.0012532982209254014
2025-05-06 08:30:00,-0.0008325314358623893,0.0012295735149042493
2025-05-06 08:45:00,0.0011576570938871893,0.001209432297544057
2025-05-06 09:00:00,-0.0010322854563693188,0.0012063884491422215
2025-05-06 09:15:00,-0.0007793499541217276,0.0011966568015167277
2025-05-06 09:30:00,0.002219995182729945,0.0011758024628476685
2025-05-06 09:45:00,-0.00318830985304323,0.0012630373954958633
2025-05-06 10:00:00,0.002455361316169476,0.0014524003710466576
2025-05-06 10:15:00,0.0033048377916580266,0.0015312174173264784
2025-05-06 10:30:00,0.00010701863918165152,0.0016909365281188998
2025-05-06 10:45:00,0.0001248406054608939,0.0016396333556460507
2025-05-06 11:00:00,0.0003209471534573866,0.001589977609621158
2025-05-06 11:15:00,0.001282759533803014,0.0015435438107386389
2025-05-06 11:30:00,-0.0016126233565279785,0.0015291514533306164
2025-05-06 11:45:00,-0.0006689768917288495,0.0015342878356393633
2025-05-06 12:00:00,0.004575770685120058,0.0014965455615301188
2025-05-06 12:15:00,-0.00418396351774427,0.001833447665585144
2025-05-06 12:30:00,-0.0008023345222948114,0.0020518702602655313
2025-05-06 12:45:00,-0.0016616790351385794,0.001999046200617778
2025-05-06 13:00:00,0.0017866399850044996,0.0019804255104449793
2025-05-06 13:15:00,-0.0008750547467554619,0.001969336191826321
2025-05-06 13:30:00,-0.001958251433897069,0.001921335780867033
2025-05-06 13:45:00,-0.0003312251331683043,0.0019235706986152424
2025-05-06 14:00:00,0.0010559568575852615,0.001866734952784515
2025-05-06 14:15:00,0.0026082621618231266,0.0018282560307614033
2025-05-06 14:30:00,-0.0003768841575530477,0.0018841843852082018
2025-05-06 14:45:00,0.0013576872463522578,0.0018291157015638822
2025-05-06 15:00:00,-0.0007845654979670377,0.0018043068680963156
2025-05-06 15:15:00,0.0003299491284050379,0.0017598648979509702
2025-05-06 15:30:00,0.0005437326039254318,0.0017081653834268198
2025-05-06 15:45:00,-0.004089693080211773,0.0016614746303160108
2025-05-06 16:00:00,-7.158452345657554e-05,0.0018969458188816638
2025-05-06 16:15:00,-0.0031188969339653073,0.0018392407928344181
2025-05-06 16:30:00,0.001399329268003635,0.0019399714888282509
2025-05-06 16:45:00,0.00016133513824679487,0.0019118491987696114
2025-05-06 17:00:00,-0.00021511930240893527,0.0018540277934582941
2025-05-06 17:15:00,-0.0003137986245506524,0.001798318796608937
2025-05-06 17:30:00,0.0,0.0017452282484503243
2025-05-06 17:45:00,-0.00019119646176210772,0.0016920615653213233
2025-05-06 18:00:00,0.009393783843928055,0.001641182916559519
2025-05-06 18:15:00,0.0018456524654981328,0.002797581630275876
2025-05-06 18:30:00,-0.0024677917558844934,0.0027497747509164397
2025-05-06 18:45:00,0.0019507986570671888,0.002733676147416808
2025-05-06 19:00:00,-0.0012398139132884587,0.002693128865509999
2025-05-06 19:15:00,0.0003375407523676027,0.0026286868990892777
2025-05-06 19:30:00,0.00037293885123116706,0.0025499472838095144
2025-05-06 19:45:00,0.00035505059843947916,0.0024739527651918753
2025-05-06 20:00:00,-0.008198228059465568,0.0024001623701290766
2025-05-07 04:00:00,0.005300886075116281,0.0030737256282409343
2025-05-07 04:15:00,0.00040933643576791394,0.00325067461834071
2025-05-07 04:30:00,0.0003558085787406176,0.0031532405117472217
2025-05-07 04:45:00,0.0002312077055820768,0.0030584221693727588
2025-05-07 05:00:00,7.113007916212239e-05,0.002965791094519531
2025-05-07 05:15:00,-0.0007471182928996595,0.0028754939361162234
2025-05-07 05:30:00,0.00040920534672912317,0.0027938948796720716
2025-05-07 05:45:00,-0.0003024399813123786,0.0027106354649206986
2025-05-07 06:00:00,0.00035580224886573304,0.0026291025356198023
2025-05-07 06:15:00,-0.00037359568486770563,0.0025504989803276142
2025-05-07 06:30:00,0.000800391345143857,0.0024744932349631053
2025-05-07 06:45:00,-0.00032007966700484743,0.002407107671461407
2025-05-07 07:00:00,0.0009421636684037917,0.002335094079706779
2025-05-07 07:15:00,-0.0006220840013988817,0.002275689970558458
2025-05-07 07:30:00,-0.0008537735528667219,0.002211618923291741
2025-05-07 07:45:00,0.00046255115572965493,0.002154418372304895
2025-05-07 08:00:00,-0.002635845441380228,0.0020918567412347797
2025-05-07 08:15:00,-1.783341804249817e-05,0.002128420451825514
2025-05-07 08:30:00,0.0006950895388106815,0.0020635848139614037
2025-05-07 08:45:00,-0.0004989394298534679,0.0020079512731551123
2025-05-07 09:00:00,-0.0018203238777423913,0.001950613403451097
2025-05-07 09:15:00,0.0005714387912421622,0.0019430424164007417
2025-05-07 09:30:00,0.001534125671038089,0.0018890424927842848
2025-05-07 09:45:00,0.0008016251020935928,0.0018696484005406655
2025-05-07 10:00:00,3.597698897929451e-05,0.0018232954235131524
2025-05-07 10:15:00,0.0006051811272408948,0.0017677724655463796
2025-05-07 10:30:00,-0.00022251594418547582,0.0017203176951811558
2025-05-07 10:45:00,-0.004004839696168317,0.0016688002261316976
2025-05-07 11:00:00,-0.0015921148970044288,0.0018921218255105313
2025-05-07 11:15:00,0.0010750449626833196,0.0018754752179473639
2025-05-07 11:30:00,0.0014461225462142652,0.0018373094883154758
2025-05-07 11:45:00,-5.3575733777066345e-05,0.0018162158494030892
2025-05-07 12:00:00,0.000125184148992726,0.0017609354992391378
2025-05-07 12:15:00,-0.00148339437994801,0.001707565655194932
2025-05-07 12:30:00,0.002357817611323613,0.001694951672461755
2025-05-07 12:45:00,0.0013461051905362062,0.001741851811997253
2025-05-07 13:00:00,0.0008637616911102824,0.0017206756876006408
2025-05-07 13:15:00,-0.0008844298720190454,0.0016816201676144716
2025-05-07 13:30:00,-0.0018608166958338096,0.001644721428312782
2025-05-07 13:45:00,-0.0016615009137277406,0.0016584813501139513
2025-05-07 14:00:00,-0.00460604635279686,0.0016586626789478125
2025-05-07 14:15:00,0.002296803885570174,0.0019644418927087333
2025-05-07 14:30:00,0.002865169946416833,0.0019859527985744124
2025-05-07 14:45:00,0.0022652006997618767,0.0020493706195772944
2025-05-07 15:00:00,-0.0013381508754457432,0.0020629572930178485
2025-05-07 15:15:00,-0.003989378887740244,0.002026791575661881
2025-05-07 15:30:00,0.00730471265540427,0.0021946115101084264
2025-05-07 15:45:00,-0.0012998693057945643,0.0027800845523407672
2025-05-07 16:00:00,0.0005165887445097159,0.002714132923016621
2025-05-07 16:15:00,-0.0013187206758260846,0.002634490141987977
2025-05-07 16:30:00,0.00012481834489267658,0.0025745771425593356
2025-05-07 16:45:00,0.0002050248934143829,0.0024963323881973245
2025-05-07 17:00:00,0.000240627772279587,0.0024208050275138547
2025-05-07 17:15:00,-0.00019606270504574506,0.002347797535105978
2025-05-07 17:30:00,-0.000401157120792707,0.0022767807327358767
2025-05-07 17:45:00,0.0002585419142046177,0.002209606819502881
2025-05-07 18:00:00,-0.0004993134543882829,0.002143229151133881
2025-05-07 18:15:00,0.0005351474382193263,0.0020815340876761644
2025-05-07 18:30:00,2.6562671728644155e-05,0.002022374860283408
2025-05-07 18:45:00,-8.913569572742123e-06,0.0019607759702494607
2025-05-07 19:00:00,0.00048121909764342743,0.001901044088989154
2025-05-07 19:15:00,0.0002672439151104578,0.0018468959959293788
2025-05-07 19:30:00,-0.0007930320524323403,0.001791828253266196
2025-05-07 19:45:00,0.0001693517841692502,0.001748068525550961
2025-05-07 20:00:00,0.0002495187864944154,0.0016953229065368857
2025-05-08 04:00:00,0.008376120381174289,0.0016448124967520681
2025-05-08 04:15:00,0.0010420991290411915,0.0025985856189278947
2025-05-08 04:30:00,0.0002471184239359117,0.0025323204026050576
2025-05-08 04:45:00,0.0006351671055844758,0.0024559217974295853
2025-05-08 05:00:00,-0.00029988974866443824,0.0023861820965101078
2025-05-08 05:15:00,0.0007407407746111076,0.0023146552938881184
2025-05-08 05:30:00,0.0007225752189118729,0.0022514646778182246
2025-05-08 05:45:00,-0.0001938104011775987,0.00219003983994686
2025-05-08 06:00:00,5.286110745248025e-05,0.0021238530501937925
2025-05-08 06:15:00,8.809563668022623e-05,0.0020591926403057325
2025-05-08 06:30:00,-0.0002643101959829248,0.0019965779525398107
2025-05-08 06:45:00,0.0008983697835993078,0.001936836519202385
2025-05-08 07:00:00,-0.0012315001278920491,0.0018906823255306815
2025-05-08 07:15:00,-0.0003720385728772577,0.0018577390641878497
2025-05-08 07:30:00,-0.001129305597151414,0.0018034487868402271
2025-05-08 07:45:00,-3.5311357901938854e-05,0.0017702547113496432
2025-05-08 08:00:00,0.00019419703998810374,0.0017163474158782904
2025-05-08 08:15:00,-0.00029890254613681815,0.001664740308364331
2025-05-08 08:30:00,-0.002016261035351471,0.0016156853779621249
2025-05-08 08:45:00,0.0008754438572832851,0.0016424772144196013
2025-05-08 09:00:00,-0.0007162152311783795,0.0016068141251338378
2025-05-08 09:15:00,-8.845721772421958e-05,0.0015677111947703113
2025-05-08 09:30:00,-0.0007167919884613111,0.001520106827679462
2025-05-08 09:45:00,-0.0012138770365684758,0.001484219905131175
2025-05-08 10:00:00,-0.0023067381398296114,0.0014694026169756315
2025-05-08 10:15:00,0.002838743634054016,0.0015325984009103687
2025-05-08 10:30:00,-0.0008685094974181634,0.00164055914619302
2025-05-08 10:45:00,-0.002378966804508684,0.0016047450820159722
2025-05-08 11:00:00,0.0031057303458789207,0.0016614040312267326
2025-05-08 11:15:00,0.003272746276163927,0.0017813986674960335
2025-05-08 11:30:00,0.0050033577474604156,0.0019041088285841061
2025-05-08 11:45:00,-0.0011605213097615286,0.0022158763345843
2025-05-08 12:00:00,0.0015119286999611787,0.002167097145257947
2025-05-08 12:15:00,-0.000774489988226104,0.0021334683354556757
2025-05-08 12:30:00,0.0015998116031848148,0.002077155746351303
2025-05-08 12:45:00,0.0007194055564123425,0.0020516494010588923
2025-05-08 13:00:00,-0.0014572459301567442,0.0019969381588444872
2025-05-08 13:15:00,-0.0001577528409761571,0.0019687331540083745
2025-05-08 13:30:00,-0.0008260614039992885,0.0019091487043497734
2025-05-08 13:45:00,-0.0018304858801224926,0.0018620151705589915
2025-05-08 14:00:00,0.0010389360723007115,0.0018601384838522075
2025-05-08 14:15:00,-0.00044002077607992277,0.0018213378484238359
2025-05-08 14:30:00,0.0018116424939258317,0.001769138875729663
2025-05-08 14:45:00,-0.0012484505890027432,0.0017717178475899608
2025-05-08 15:00:00,-0.000792079249332682,0.0017447529383759618
2025-05-08 15:15:00,0.0019702360101047033,0.0017026909347402613
2025-05-08 15:30:00,-0.002516255803677213,0.0017199176812343847
2025-05-08 15:45:00,-0.004715198888951244,0.0017777858185342964
2025-05-08 16:00:00,-0.00012391902792516192,0.002074819776589953
2025-05-08 16:15:00,-3.540825720920463e-05,0.002011841403922777
2025-05-08 16:30:00,0.00038729818230954274,0.0019505718928423037
2025-05-08 16:45:00,-0.0004404129190058209,0.0018935276231200958
2025-05-08 17:00:00,0.00026554547622317136,0.0018390100218055752
2025-05-08 17:15:00,0.0001681423373090146,0.0017841724279563948
2025-05-08 17:30:00,-7.875789076278668e-05,0.0017303095931811658
2025-05-08 17:45:00,0.00024687196097925333,0.0016777083117398355
2025-05-08 18:00:00,-0.0005309828617294292,0.0016277222166055049
2025-05-08 18:15:00,0.00023897717881686352,0.0015834858400163522
2025-05-08 18:30:00,-7.965271420844068e-05,0.0015363620558709692
2025-05-08 18:45:00,-3.5580262304562465e-05,0.0014896860535058092
2025-05-08 19:00:00,0.00018603006324235477,0.0014443305103171745
2025-05-08 19:15:00,-0.0008587529134395209,0.0014010715958568578
2025-05-08 19:30:00,-0.0005322656960650944,0.0013745795406939247
2025-05-08 19:45:00,0.00012476411800146429,0.0013390665349955996
2025-05-08 20:00:00,-3.544276879278684e-05,0.001298632819215984
2025-05-09 04:00:00,0.0014521244294960593,0.001259101162968149
2025-05-09 04:15:00,0.000707588920377497,0.0012715091489237647
2025-05-09 04:30:00,-0.000742981512711503,0.0012448985138008182
2025-05-09 04:45:00,1.769645274656573e-05,0.0012206175743358528
2025-05-09 05:00:00,0.0006722332548650916,0.0011834405844305313
2025-05-09 05:15:00,-0.00028299050401994324,0.0011591434651506394
2025-05-09 05:30:00,0.0006012591254207604,0.0011259670403503264
2025-05-09 05:45:00,0.00021212281990760267,0.0011015554555046522
2025-05-09 06:00:00,0.0010952516640371436,0.0010692608295932622
2025-05-09 06:15:00,0.000158888487098056,0.0010708380693899948
2025-05-09 06:30:00,0.00031770125759205347,0.0010389452601959049
2025-05-09 06:45:00,-0.00031770125759211413,0.0010102964237326878
2025-05-09 07:00:00,0.0008998915444021358,0.0009826051991126301
2025-05-09 07:15:00,-0.0021010080204538874,0.0009778397037270316
2025-05-09 07:30:00,0.0004770866002657808,0.0010787281117754209
2025-05-09 07:45:00,0.0002296272100668963,0.0010523743517568645
2025-05-09 08:00:00,-0.00019429651475519794,0.001021863977737608
2025-05-09 08:15:00,-0.0001589979598612462,0.0009918763520704705
2025-05-09 08:30:00,0.0016417611130287967,0.0009624481269155386
2025-05-09 08:45:00,-0.0002639121963920771,0.0010160958548868547
2025-05-09 09:00:00,0.0006871553029658723,0.0009872602078395657
2025-05-09 09:15:00,-0.0013055753442351365,0.0009718707216127381
2025-05-09 09:30:00,-0.0003884729530417429,0.0009950539464395195
2025-05-09 09:45:00,0.001394269602243357,0.0009694220386705002
2025-05-09 10:00:00,-0.00043378013602039084,0.0010000158034455535
2025-05-09 10:15:00,-0.0040384629471299895,0.0009753561519243914
2025-05-09 10:30:00,-0.0005846129994002902,0.0013684996982942534
2025-05-09 10:45:00,0.0007442190473732511,0.0013345149981628692
2025-05-09 11:00:00,0.00030992787783686607,0.0013066392703920747
2025-05-09 11:15:00,-0.0003276409438804729,0.0012691064294701674
2025-05-09 11:30:00,0.00017711654314822976,0.0012330588699853626
2025-05-09 11:45:00,0.001592638807710839,0.0011962818825134865
2025-05-09 12:00:00,-0.002186102750051189,0.0012236890226662192
2025-05-09 12:15:00,-0.0007711433246142135,0.0013016576542121438
2025-05-09 12:30:00,-0.00023057208583660252,0.0012760617584853565
2025-05-09 12:45:00,-0.0006210353746158693,0.0012384762428026782
2025-05-09 13:00:00,1.7749221253277024e-05,0.001210345031773542
2025-05-09 13:15:00,0.0009757223336348904,0.0011734811000923143
2025-05-09 13:30:00,0.001461800755545607,0.0011625646059805327
2025-05-09 13:45:00,0.0007876002053130118,0.0011826558088593544
2025-05-09 14:00:00,-0.0007964531708351669,0.001162743790135898
2025-05-09 14:15:00,-0.0008502498120895481,0.0011440782287106164
2025-05-09 14:30:00,0.0004606417174804663,0.0011286078053879226
2025-05-09 14:45:00,0.00047813422315388736,0.0011000280410937676
2025-05-09 15:00:00,0.0011678110181330094,0.0010729281102860966
2025-05-09 15:15:00,-0.000955380278606168,0.0010788564318276737
2025-05-09 15:30:00,-0.00031866303424433145,0.0010718490645007623
2025-05-09 15:45:00,-0.0008502648732893057,0.0010421235818320771
2025-05-09 16:00:00,0.00024806860996164537,0.0010316187704316297
2025-05-09 16:15:00,-0.00022148688666690845,0.0010020355943634704
2025-05-09 16:30:00,0.00011517930329262114,0.0009730232262834202
2025-05-09 16:45:00,0.0008504984748695533,0.000943802798930049
2025-05-09 17:00:00,-0.0005316096226473916,0.0009384661737204111
2025-05-09 17:15:00,0.00037190851479315505,0.0009191475186921092
2025-05-09 17:30:00,0.0001239387744042635,0.0008957908171293834
2025-05-09 17:45:00,0.00012392341548787944,0.000869031855548563
2025-05-09 18:00:00,0.0002654984749433726,0.0008431042668466687
2025-05-09 18:15:00,0.0,0.0008200028554220958
2025-05-09 18:30:00,5.309123730395913e-05,0.0007950222650507136
2025-05-09 18:45:00,-0.00010618529343676465,0.0007709123806111127
2025-05-09 19:00:00,-3.539760358586771e-05,0.0007478797120241053
2025-05-09 19:15:00,-0.00017134211184965644,0.0007251481222882676
2025-05-09 19:30:00,5.629124596500073e-05,0.0007043088090179579
2025-05-09 19:45:00,9.735159420931775e-05,0.0006829919229500552
2025-05-09 20:00:00,-0.0011511251304324836,0.0006626144646623849
2025-05-12 04:00:00,0.02504089754975358,0.000701583777611642
2025-05-12 04:15:00,0.00017280110635702,0.006171343420603222
2025-05-12 04:30:00,0.000846294059957987,0.005983489153617879
2025-05-12 04:45:00,0.0004142502130489022,0.005804910569727172
2025-05-12 05:00:00,0.0008279859715421351,0.005628984252377962
2025-05-12 05:15:00,6.896789547194015e-05,0.0054612699564160145
2025-05-12 05:30:00,0.0003102966805912581,0.005294924622586935
2025-05-12 05:45:00,0.00029296959357532953,0.005134182524525585
2025-05-12 06:00:00,0.0003101095745338218,0.004978291901285103
2025-05-12 06:15:00,0.0011534523069623096,0.004827230770952415
2025-05-12 06:30:00,-8.603260641096499e-05,0.0046886943421953035
2025-05-12 06:45:00,0.0018738347741328073,0.004545906670074095
2025-05-12 07:00:00,-0.0009794572528263002,0.004431255669839832
2025-05-12 07:15:00,0.00024065733949125493,0.004302955425449495
2025-05-12 07:30:00,-0.0011350348607977344,0.004172286522652056
2025-05-12 07:45:00,-0.00018929779180423446,0.004054724970400744
2025-05-12 08:00:00,0.0008429600437227349,0.003931475159490996
2025-05-12 08:15:00,0.0017352912684728823,0.003817295117230504
2025-05-12 08:30:00,-0.001958864485332923,0.00372533376202673
2025-05-12 08:45:00,-0.00022362321302132012,0.0036435770809055724
2025-05-12 09:00:00,-1.7203857105118556e-05,0.0035330037005803527
2025-05-12 09:15:00,0.00037841650347517373,0.003425376767273573
2025-05-12 09:30:00,-0.004567752768735444,0.0033223193074894295
2025-05-12 09:45:00,-6.910730639762075e-05,0.0034098972370790646
2025-05-12 10:00:00,0.0023383548126812677,0.0033060613676368627
2025-05-12 10:15:00,-0.0032544777755060994,0.003256119385769731
2025-05-12 10:30:00,0.001831407412489298,0.003256020912493977
2025-05-12 10:45:00,-0.00046617230226906736,0.0031885443447243244
2025-05-12 11:00:00,0.00048343377035735025,0.003093516628838648
2025-05-12 11:15:00,-0.0008288867490064444,0.0030016123862928196
2025-05-12 11:30:00,-0.0006394027850410018,0.002917245189738839
2025-05-12 11:45:00,-0.0005368955893011673,0.0028327072708845547
2025-05-12 12:00:00,0.0016771662679555867,0.0027495585220175898
2025-05-12 12:15:00,0.0002762335572275475,0.0026972654566174356
2025-05-12 12:30:00,0.0016385670519680014,0.002615971097994448
2025-05-12 12:45:00,0.00139497658911441,0.0025678396790760607
2025-05-12 13:00:00,0.0014188119616931802,0.0025129524789461967
2025-05-12 13:15:00,-0.0009716259696932741,0.0024610599331820315
2025-05-12 13:30:00,0.00034415744071914574,0.0023979262825470785
2025-05-12 13:45:00,-3.318943506624383e-05,0.002326403681603515
2025-05-12 14:00:00,0.0002567165214616417,0.0022555467046167957
2025-05-12 14:15:00,0.0005156411252100505,0.002187737571750485
2025-05-12 14:30:00,0.0003779679115882016,0.002124847544667207
2025-05-12 14:45:00,-0.0010827440883855275,0.0020621954435322038
2025-05-12 15:00:00,0.0002579025658408401,0.0020168864941145083
2025-05-12 15:15:00,-0.0002922946006489788,0.0019564641796723644
2025-05-12 15:30:00,-0.0007040929108599954,0.001898213141134237
2025-05-12 15:45:00,0.0029714338801338585,0.0018484493909900867
2025-05-12 16:00:00,-8.579051676903436e-05,0.0019343020447254266
2025-05-12 16:15:00,0.0005317825992255856,0.001875493145010474
2025-05-12 16:30:00,1.7149569974880642e-05,0.0018230177258416191
2025-05-12 16:45:00,3.0868913615936917e-06,0.0017674862538288106
2025-05-12 17:00:00,-8.883768246519939e-05,0.0017136416690076344
2025-05-12 17:15:00,6.002632584969345e-05,0.0016615797397667262
2025-05-12 17:30:00,0.00010289389076583275,0.0016110284253528138
2025-05-12 17:45:00,2.5721818533899992e-05,0.0015621533411360412
2025-05-12 18:00:00,-0.0007462014832847028,0.001514576962146879
2025-05-12 18:15:00,2.574035702013187e-05,0.0014797688235090917
2025-05-12 18:30:00,-0.0005836108511284296,0.0014347029583598424
2025-05-12 18:45:00,-5.151143125649479e-05,0.0013983226814781292
2025-05-12 19:00:00,0.0009353775015749701,0.0013557828542569122
2025-05-12 19:15:00,0.0005402323130280243,0.0013342991355952969
2025-05-12 19:30:00,-0.0012524127736125612,0.0013004014723837064
2025-05-12 19:45:00,-0.0006525621882896471,0.0012975722004364627
2025-05-12 20:00:00,0.0014762430585393382,0.0012681570261603705
2025-05-13 04:00:00,-0.003935761166717453,0.001281595303710596
2025-05-13 04:15:00,0.0002754915820309912,0.0015726888722280513
2025-05-13 04:30:00,-0.0002410509834499614,0.0015262709484905816
2025-05-13 04:45:00,-0.0004995048116604464,0.0014809521134430009
2025-05-13 05:00:00,0.00031006683911347034,0.001441040011930595
2025-05-13 05:15:00,0.0007403262938744405,0.0013992029958904827
2025-05-13 05:30:00,0.00020650490522537986,0.0013686445351406918
2025-05-13 05:45:00,0.0006020625122732027,0.0013279138708173735
2025-05-13 06:00:00,6.87840696364692e-05,0.0012958791184102445
2025-05-13 06:15:00,-0.0003611691600799361,0.00125651438632988
2025-05-13 06:30:00,0.00034397358622033987,0.00122144393592268
2025-05-13 06:45:00,-0.0005332095037620122,0.0011872273754286447
2025-05-13 07:00:00,0.0008426846020834575,0.0011584459646454316
2025-05-13 07:15:00,-0.00034386713312949813,0.0011419650914710137
2025-05-13 07:30:00,0.000653246486244193,0.0011103755627016017
2025-05-13 07:45:00,0.0004295348204008365,0.0010883757233316202
2025-05-13 08:00:00,0.0006525397765634003,0.0010604518008592266
2025-05-13 08:15:00,0.001149494434860189,0.0010404965306182847
2025-05-13 08:30:00,-0.0002743860629097522,0.0010473563365738705
2025-05-13 08:45:00,0.00045441100970980105,0.0010176714797550826
2025-05-13 09:00:00,0.0004552327678920895,0.000992927634930771
2025-05-13 09:15:00,-0.0002083941014188594,0.0009691156707506194
2025-05-13 09:30:00,0.0016115238549984517,0.0009409780860291742
2025-05-13 09:45:00,0.0015217970397805654,0.000994049254814692
2025-05-13 10:00:00,0.0033602583365212367,0.001033343050276567
2025-05-13 10:15:00,-0.0007324946880956693,0.0012966148824038754
2025-05-13 10:30:00,-0.0011253389992180673,0.0012698545003898066
2025-05-13 10:45:00,0.0015684772258121162,0.0012616504653905922
2025-05-13 11:00:00,-0.0001863633163346984,0.001282132376739842
2025-05-13 11:15:00,0.001241709857418958,0.0012439113725406642
2025-05-13 11:30:00,0.000578359177160607,0.0012437793915210703
2025-05-13 11:45:00,-0.0006634402169023902,0.0012141819898822935
2025-05-13 12:00:00,-0.00010210680380530898,0.0011883571877030338
2025-05-13 12:15:00,0.00017306489202331262,0.001152426477131854
2025-05-13 12:30:00,0.0005414638896528125,0.0011181228311298924
2025-05-13 12:45:00,-9.354019896856416e-05,0.0010921436417395687
2025-05-13 13:00:00,-0.00034021995548086473,0.0010591204163219695
2025-05-13 13:15:00,0.0009778205585732151,0.0010302314642740556
2025-05-13 13:30:00,0.00020394636281365812,0.0010271622269474063
2025-05-13 13:45:00,-0.0009026079247471332,0.0009971229378435724
2025-05-13 14:00:00,0.00043516926755827204,0.0009917060894904038
2025-05-13 14:15:00,-0.0004846670984662781,0.0009673853665122499
2025-05-13 14:30:00,-0.00039130620209230747,0.0009453985996825153
2025-05-13 14:45:00,0.0015982864334486097,0.0009215959169682315
2025-05-13 15:00:00,0.0002038528189710742,0.0009755254294598974
2025-05-13 15:15:00,-0.0004587272946722764,0.0009471241893329984
2025-05-13 15:30:00,0.00037379367024855195,0.0009251202192532324
2025-05-13 15:45:00,-0.003164667288840706,0.0009015985122780277
2025-05-13 16:00:00,-0.00011077452708461122,0.0011683382334088616
2025-05-13 16:15:00,-0.0004517462626634337,0.0011330708864573707
2025-05-13 16:30:00,0.00010230004612422944,0.0011041119222537528
2025-05-13 16:45:00,0.0001022895818954267,0.001070769474078023
2025-05-13 17:00:00,0.00013636983520367367,0.0010384518381389418
2025-05-13 17:15:00,-0.00022161042682513878,0.0010073703841404645
2025-05-13 17:30:00,1.7048699610787373e-05,0.0009781891720262322
2025-05-13 17:45:00,0.00024717348721439074,0.0009483987834148191
2025-05-13 18:00:00,0.00016190813027203475,0.0009214978682594169
2025-05-13 18:15:00,-1.5337540932201957e-05,0.0008943051361214146
2025-05-13 18:30:00,-0.00012100440487842249,0.0008670691381390898
2025-05-13 18:45:00,1.7043759853789565e-05,0.0008411770805570412
2025-05-13 19:00:00,0.0004089631138194992,0.0008155621235615324
2025-05-13 19:15:00,-0.00025626398602107903,0.0007970370960330522
2025-05-13 19:30:00,0.000648030089637717,0.0007753014370794868
2025-05-13 19:45:00,0.00010217461650826112,0.0007682599553938878
2025-05-13 20:00:00,0.0,0.0007452760137382834
2025-05-14 04:00:00,-3.405704555452834e-05,0.0007225719040029224
2025-05-14 04:15:00,3.4057045554477646e-05,0.0007006091207001649
2025-05-14 04:30:00,-0.00013623514206563732,0.0006793169691306678
2025-05-14 04:45:00,-0.0001873536305244484,0.0006594670975203863
2025-05-14 05:00:00,-0.0011078067413873753,0.0006410219376288821
2025-05-14 05:15:00,0.0008522679364294661,0.000678150959319528
2025-05-14 05:30:00,-0.0004942269283847205,0.0006898384146569259
2025-05-14 05:45:00,-0.0002898328366792049,0.0006796911294408908
2025-05-14 06:00:00,-0.0002899168641070543,0.0006627981698430123
2025-05-14 06:15:00,0.0008865399949841162,0.0006465187053721121
2025-05-14 06:30:00,0.0005622045379991673,0.0006633735297512678
2025-05-14 06:45:00,-0.0002555083352202046,0.0006577423584725163
2025-05-14 07:00:00,0.0015133605017581717,0.0006407687414998245
2025-05-14 07:15:00,0.0010727744997874448,0.0007234397734263563
2025-05-14 07:30:00,-0.00039089387729098656,0.0007490086161535922
2025-05-14 07:45:00,-0.0003910467350673895,0.0007324759068025343
2025-05-14 08:00:00,0.00027204869839465065,0.0007165924572194681
2025-05-14 08:15:00,0.0005097219933022145,0.0006979506389545743
2025-05-14 08:30:00,-0.0008838080374539721,0.0006881104412661033
2025-05-14 08:45:00,8.486178800381629e-05,0.0007013937691773146
2025-05-14 09:00:00,0.00025522221602230415,0.0006803441170893644
2025-05-14 09:15:00,-0.0005952229285537073,0.0006625740210510072
2025-05-14 09:30:00,-0.00010224393114198869,0.0006587271767962527
2025-05-14 09:45:00,-0.00042388791956015547,0.000639150555917998
2025-05-14 10:00:00,-0.0005631928757528951,0.0006283179809964146
2025-05-14 10:15:00,0.0005448106917650241,0.000624601992509418
2025-05-14 10:30:00,-0.0008684325339539295,0.0006201041134322687
2025-05-14 10:45:00,0.0009024733488943153,0.0006377365198635416
2025-05-14 11:00:00,-0.0007946445431164326,0.0006566375601269493
2025-05-14 11:15:00,0.0013391400474657732,0.0006657252505663189
2025-05-14 11:30:00,0.0004931930950897541,0.0007240141343169282
2025-05-14 11:45:00,-0.0002547293718269031,0.0007122773648178791
2025-05-14 12:00:00,0.00010169547451998537,0.0006933916100864413
2025-05-14 12:15:00,-0.0002466038831349418,0.0006727294609382305
2025-05-14 12:30:00,-0.0009444598774842097,0.000655026595237187
2025-05-14 12:45:00,0.00017040906985205548,0.0006758968247081721
2025-05-14 13:00:00,-0.0007153682114043355,0.0006566343591808342
2025-05-14 13:15:00,-0.0012101896020061495,0.0006603057333013894
2025-05-14 13:30:00,0.0007842335371926958,0.0007054905910875585
2025-05-14 13:45:00,0.0009292022688366782,0.0007104613220420619
2025-05-14 14:00:00,-0.00031588299990507353,0.0007254481263986853
2025-05-14 14:15:00,-0.0004940332806335945,0.0007075912727184973
2025-05-14 14:30:00,0.0016174758989639783,0.0006966264548638355
2025-05-14 14:45:00,-0.0003147770851258991,0.000783035637492283
2025-05-14 15:00:00,-0.00010211114807317533,0.0007630866253625408
2025-05-14 15:15:00,-0.0009535405168380391,0.0007402626068716483
2025-05-14 15:30:00,-0.0004345029482504641,0.000754760739929926
2025-05-14 15:45:00,0.0013795337320811167,0.0007394670491573616
2025-05-14 16:00:00,-1.531770190234588e-05,0.0007925841437091115
2025-05-14 16:15:00,-0.00022298422776885252,0.0007684479977767221
2025-05-14 16:30:00,3.404660981229809e-05,0.0007470374178847069
2025-05-14 16:45:00,-0.00045972706643979095,0.0007243276605204594
2025-05-14 17:00:00,-5.1093833836860846e-05,0.0007112330593725094
2025-05-14 17:15:00,-0.0002555083352202046,0.0006896796007212955
2025-05-14 17:30:00,-0.000519735032041682,0.000671591799469023
2025-05-14 17:45:00,2.5567055997581932e-05,0.0006634612894653915
2025-05-14 18:00:00,-0.000187506925521113,0.0006432800712932729
2025-05-14 18:15:00,0.0002386390765764577,0.000625372070005366
2025-05-14 18:30:00,-0.0001874973372348545,0.0006091319470511988
2025-05-14 18:45:00,5.1139123997948776e-05,0.000592358455895998
2025-05-14 19:00:00,-0.000750302714120348,0.0005744494237575647
2025-05-14 19:15:00,-0.00040949342823408397,0.0005864894387770813
2025-05-14 19:30:00,-3.549732780581875e-05,0.0005774017337653626
2025-05-14 19:45:00,0.000291450370351881,0.0005598792727390549
2025-05-14 20:00:00,0.00250487900523344,0.0005474974987549615
2025-05-15 04:00:00,-0.005221320260475282,0.0008113158634748363
2025-05-15 04:15:00,0.0005643968372569544,0.0015014894406066748
2025-05-15 04:30:00,-0.0013516636929107528,0.0014622978271311502
2025-05-15 04:45:00,-0.0005822915047214042,0.0014558968793985797
2025-05-15 05:00:00,-0.0003598200938372262,0.0014187323157749717
2025-05-15 05:15:00,0.0013358225000211841,0.0013783328809799551
2025-05-15 05:30:00,0.00017113031615312456,0.0013758192991947902
2025-05-15 05:45:00,0.0007355268328487519,0.0013345647809308594
2025-05-15 06:00:00,-0.0004104598918601932,0.0013063917285949882
2025-05-15 06:15:00,-5.131933457067658e-05,0.0012705779893412564
2025-05-15 06:30:00,-0.00018819342918290088,0.0012319352019585317
2025-05-15 06:45:00,0.0002566186233661608,0.0011952947282249634
2025-05-15 07:00:00,0.0006839945547109872,0.0011605847255390476
2025-05-15 07:15:00,0.000598111693824989,0.0011376336861651604
2025-05-15 07:30:00,-0.00022211401374451823,0.0011126643858600303
2025-05-15 07:45:00,-0.00018798116825841286,0.0010801392463630343
2025-05-15 08:00:00,-0.0004615581944412976,0.0010482456578583426
2025-05-15 08:15:00,-3.419797206355981e-05,0.0010225810381955516
2025-05-15 08:30:00,0.0023398615298878466,0.0009914644880045186
2025-05-15 08:45:00,-0.0013998431730400354,0.0011191598812763815
2025-05-15 09:00:00,0.0005977337530349918,0.0011379549042090631
2025-05-15 09:15:00,-0.00025698172967203816,0.0011129609249850994
2025-05-15 09:30:00,0.0011273260825772698,0.0010808901312687523
2025-05-15 09:45:00,-0.00015353514705566246,0.0010837323992154478
2025-05-15 10:00:00,0.0001535351470556425,0.0010513903845887115
2025-05-15 10:15:00,-0.0005801453938779694,0.0010200543215143725
2025-05-15 10:30:00,0.00017919847131918985,0.0009991367726152446
2025-05-15 10:45:00,0.001100086668140875,0.0009696930228148879
2025-05-15 11:00:00,0.0016861543504596331,0.000978007017168793
2025-05-15 11:15:00,0.0012245107739343771,0.0010342605337669772
2025-05-15 11:30:00,0.0015794437868172256,0.0010466512115955141
2025-05-15 11:45:00,-0.0003394548387935933,0.00108601500622838
2025-05-15 12:00:00,0.0005261058951865862,0.0010562086220926516
2025-05-15 12:15:00,-0.0003733369579068065,0.0010321091506991355
2025-05-15 12:30:00,0.0006786908314881863,0.0010048368872945617
2025-05-15 12:45:00,0.0010171733631680652,0.0009883079553198596
2025-05-15 13:00:00,0.00018636960535119116,0.0009900636124613046
2025-05-15 13:15:00,0.0006858797947052286,0.000960987209646756
2025-05-15 13:30:00,-0.0003725183127359447,0.000946737818852438
2025-05-15 13:45:00,-0.0009575005884604106,0.0009224206965296049
2025-05-15 14:00:00,-0.0009665630838715547,0.0009245630251730348
2025-05-15 14:15:00,0.00030521532465348125,0.0009271366846222213
2025-05-15 14:30:00,0.0008822083009224101,0.0009019960475069428
2025-05-15 14:45:00,-0.0005258740488429484,0.0009008210403337848
2025-05-15 15:00:00,-5.0872894085058814e-05,0.0008828263956295985
2025-05-15 15:15:00,-0.0015613600578746859,0.000856022652277545
2025-05-15 15:30:00,0.0008997768142084661,0.000913826574443495
2025-05-15 15:45:00,0.0018818189683310151,0.00091298968591809
2025-05-15 16:00:00,-0.00017785833207302175,0.0009980038649080817
2025-05-15 16:15:00,-0.00016094670581059647,0.0009685809345049324
2025-05-15 16:30:00,8.471202153352263e-05,0.0009399012265190094
2025-05-15 16:45:00,-0.0004405808960834437,0.0009115042645378899
2025-05-15 17:00:00,5.084616493891406e-05,0.0008903012492264264
2025-05-15 17:15:00,0.00011015782237615944,0.0008632689357674276
2025-05-15 17:30:00,0.00014403422955976825,0.0008374051258997671
2025-05-15 17:45:00,-7.625083138276035e-05,0.0008126606030485943
2025-05-15 18:00:00,-0.00010167682031444267,0.0007881250356127894
2025-05-15 18:15:00,-4.236839318514203e-05,0.0007645213522207449
2025-05-15 18:30:00,-0.00013559092239531697,0.0007413036010743611
2025-05-15 18:45:00,-0.0004068831114878373,0.0007194874989338086
2025-05-15 19:00:00,-0.00013040715965662597,0.0007046529340317452
2025-05-15 19:15:00,0.000265883713052078,0.0006839327259537715
2025-05-15 19:30:00,0.000669652586191544,0.0006662880639368417
2025-05-15 19:45:00,-7.624760141455285e-05,0.0006664904142353467
2025-05-15 20:00:00,5.08323802373609e-05,0.0006464562829262595
2025-05-16 04:00:00,0.0024031150505505797,0.0006268862879690236
2025-05-16 04:15:00,3.38054832525103e-05,0.0008461116650489638
2025-05-16 04:30:00,-0.00011832419151908214,0.0008203774871300957
2025-05-16 04:45:00,0.0001183241915189907,0.0007959133778021421
2025-05-16 05:00:00,5.070608220534088e-05,0.0007722107584879064
2025-05-16 05:15:00,3.380262646724065e-05,0.0007487891255883438
2025-05-16 05:30:00,-0.00047334078038309104,0.0007260252078108309
2025-05-16 05:45:00,-0.0001521928455390439,0.0007133925538555717
2025-05-16 06:00:00,-1.6911746053610977e-05,0.0006926636698115303
2025-05-16 06:15:00,0.0005410340645281773,0.0006715751203978934
2025-05-16 06:30:00,0.0002873053314900356,0.000664466271029607
2025-05-16 06:45:00,-0.00027040273271517916,0.0006480564489502342
2025-05-16 07:00:00,5.070608220534088e-05,0.0006317955283444308
2025-05-16 07:15:00,0.0007433939654378428,0.0006126744002030886
2025-05-16 07:30:00,-0.0003547327295030339,0.0006212936509375623
2025-05-16 07:45:00,0.000540494903792341,0.0006086013237057953
2025-05-16 08:00:00,0.00011819432849824099,0.0006047312803262198
2025-05-16 08:15:00,0.0003872418218236798,0.0005870231001230178
2025-05-16 08:30:00,-0.0014176908339882863,0.0005769902309290129
2025-05-16 08:45:00,-0.000693194046000512,0.0006584326093373025
2025-05-16 09:00:00,0.0005748778542918167,0.0006605698828292422
2025-05-16 09:15:00,-0.0006425322755338604,0.0006557442250880187
2025-05-16 09:30:00,-0.0015403759192474022,0.0006549590238467383
2025-05-16 09:45:00,0.0017771463714012952,0.0007386464119583962
2025-05-16 10:00:00,-0.0010489807238845605,0.0008380677562752069
2025-05-16 10:15:00,0.0002538865817652959,0.0008521958365343922
2025-05-16 10:30:00,-0.0024620308337573193,0.0008285716522801075
2025-05-16 10:45:00,0.0017340501015610215,0.001004507279001383
2025-05-16 11:00:00,0.0006941329119927516,0.0010625010900870567
2025-05-16 11:15:00,5.077130068701351e-05,0.0010440705351750451
2025-05-16 11:30:00,0.0009472580971513467,0.001012340332582808
2025-05-16 11:45:00,-0.0007018998093674022,0.0010085538390153326
2025-05-16 12:00:00,0.0014117549949206301,0.0009928291877077402
2025-05-16 12:15:00,0.0003040694653222898,0.0010228149090365996
2025-05-16 12:30:00,-5.489459184069402e-05,0.000994448999317299
2025-05-16 12:45:00,0.00034198643787125126,0.0009642478356114615
2025-05-16 13:00:00,0.0008860872236363689,0.0009386185266623373
2025-05-16 13:15:00,0.0005649979700748576,0.0009355498321049748
2025-05-16 13:30:00,-0.00010117020208957763,0.0009175465336547625
2025-05-16 13:45:00,-0.0003541763329176012,0.000889939474079001
2025-05-16 14:00:00,0.00033849403535609994,0.0008671788650333367
2025-05-16 14:15:00,0.00040344583410289846,0.00084483958574464
2025-05-16 14:30:00,0.0006740134383834746,0.000825042303500859
2025-05-16 14:45:00,-0.00015161341976248943,0.0008167684869773896
2025-05-16 15:00:00,0.0008756715444285776,0.0007927567807236332
2025-05-16 15:15:00,-0.000395641217506611,0.0007979746573692781
2025-05-16 15:30:00,-0.0007496220655682049,0.000779711266402382
2025-05-16 15:45:00,0.001481855958630019,0.0007779387340200528
2025-05-16 16:00:00,-0.00033659267555528774,0.0008370371427738656
2025-05-16 16:15:00,0.0,0.0008157150148393142
2025-05-16 16:30:00,-0.00030303030534930376,0.0007908650493657211
2025-05-16 16:45:00,-0.003829450928380304,0.0007703564867562
2025-05-16 17:00:00,0.0006927489737964206,0.001199051222616649
2025-05-16 17:15:00,-0.00021960015967025504,0.0011748423182847696
2025-05-16 17:30:00,-0.0009465216040307133,0.00114032129606984
2025-05-16 17:45:00,-0.0010997657761616963,0.0011296313060410411
2025-05-16 18:00:00,-0.0007790272714806993,0.0011278616759504247
2025-05-16 18:15:00,-0.0013593309262699266,0.0011100273203194949
2025-05-16 18:30:00,-0.0007604916084931467,0.001126542430080274
2025-05-16 18:45:00,-0.00022090721299236504,0.0011079949571907845
2025-05-16 19:00:00,6.792440016858742e-05,0.0010756029264815707
2025-05-16 19:15:00,-0.0007984032360243618,0.0010429684461078733
2025-05-16 19:30:00,0.0,0.001029933518456275
2025-05-16 19:45:00,-0.0003229397745393368,0.0009985575943796826
2025-05-16 20:00:00,0.010063935421035562,0.0009713638036361605
2025-05-19 04:00:00,-0.012037832976873832,0.002638920716921995
2025-05-19 04:15:00,-0.0007156488855054385,0.0039039254301196334
2025-05-19 04:30:00,-0.0003750681986139231,0.0037890533036285183
2025-05-19 04:45:00,0.0003921134110403553,0.003674772103231789
2025-05-19 05:00:00,0.00022156132652479876,0.0035641181497919248
2025-05-19 05:15:00,0.001124093179645835,0.003455966906644264
2025-05-19 05:30:00,5.106513358900434e-05,0.003361978577091573
2025-05-19 05:45:00,-0.00020427618210757824,0.0032595831657629823
2025-05-19 06:00:00,-0.000987923567379896,0.0031606792300340266
2025-05-19 06:15:00,0.0007495486024329781,0.003073932201912959
2025-05-19 06:30:00,0.001055229440100999,0.0029859378790397764
2025-05-19 06:45:00,-3.402228459968062e-05,0.0029064903348731156
2025-05-19 07:00:00,-5.103559734032497e-05,0.002817959253370983
2025-05-19 07:15:00,8.505788194009498e-05,0.0027321414623645225
2025-05-19 07:30:00,-5.103386097781001e-05,0.0026489913632826135
2025-05-19 07:45:00,0.0011901120109851719,0.0025683228370824225
2025-05-19 08:00:00,-0.00018692382908415135,0.002507087405670538
2025-05-19 08:15:00,-0.0008926181080043046,0.0024311426233695724
2025-05-19 08:30:00,0.0009605944522628181,0.0023671994451373675
2025-05-19 08:45:00,0.000373787319369637,0.0023071150214885746
2025-05-19 09:00:00,-0.0018703353351538624,0.0022387040797396214
2025-05-19 09:15:00,0.0009186017486982252,0.0022183276257576926
2025-05-19 09:30:00,0.0040047567523404685,0.0021624866608260184
2025-05-19 09:45:00,0.0012862608820752102,0.002314746690996756
2025-05-19 10:00:00,0.0019600560497715397,0.0022662385426686703
2025-05-19 10:15:00,-0.00025323935474884894,0.002249043371621623
2025-05-19 10:30:00,0.00047266159998124387,0.0021814105831861785
2025-05-19 10:45:00,-0.00086953223803009,0.002118122646065679
2025-05-19 11:00:00,0.0008357781031454975,0.0020646118545450897
2025-05-19 11:15:00,-0.00025910092125785755,0.002012157122491749
2025-05-19 11:30:00,0.0015920293281207333,0.0019518908027096238
2025-05-19 11:45:00,-0.00033766006617340924,0.0019321900750847644
2025-05-19 12:00:00,0.0005141149960901882,0.0018751527501241058
2025-05-19 12:15:00,0.0009385471333582198,0.001822384377641667
2025-05-19 12:30:00,-0.00032364198205240847,0.0017817609194199309
2025-05-19 12:45:00,0.0012959583067859936,0.0017292993678038042
2025-05-19 13:00:00,0.0013110788020950844,0.0017064050519302548
2025-05-19 13:15:00,-0.0003528136928310235,0.0016853025742269829
2025-05-19 13:30:00,-0.0002772981098474539,0.0016362453149834449
2025-05-19 13:45:00,-0.000983767910132838,0.0015878521535270386
2025-05-19 14:00:00,-0.00045437335124775044,0.0015582252570900186
2025-05-19 14:15:00,-0.0005724676880479431,0.0015148495975715562
2025-05-19 14:30:00,0.0007239484124152434,0.0014753800528333305
2025-05-19 14:45:00,0.00035336581301095025,0.0014413839185001632
2025-05-19 15:00:00,-0.0008920682266310717,0.0014001515590637056
2025-05-19 15:15:00,-0.0005305687737368611,0.0013749712972660542
2025-05-19 15:30:00,0.00034532277494170744,0.001339404157686187
2025-05-19 15:45:00,0.002002204775915853,0.0013013524337791927
2025-05-19 16:00:00,-0.001412399797704719,0.001353675184588556
2025-05-19 16:15:00,0.0003529084225815953,0.0013572703144038734
2025-05-19 16:30:00,0.000538294628369724,0.001318758660735167
2025-05-19 16:45:00,0.00034469278546200936,0.0012853647759932091
2025-05-19 17:00:00,-5.884157747569319e-05,0.001249064304951191
2025-05-19 17:15:00,-6.725175697746648e-05,0.0012110985424412827
2025-05-19 17:30:00,0.00019333661225203686,0.0011743191502577945
2025-05-19 17:45:00,-0.0001765232489905828,0.0011395291489912326
2025-05-19 18:00:00,8.406575623555058e-06,0.0011056603040548636
2025-05-19 18:15:00,-5.044051383131181e-05,0.0010719794147817181
2025-05-19 18:30:00,0.00010928456450450157,0.0010393960402555627
2025-05-19 18:45:00,-7.56572725913205e-05,0.0010080873314109958
2025-05-19 19:00:00,0.000613499529703439,0.000977552609868144
2025-05-19 19:15:00,0.00041998807851220774,0.0009596121399467595
2025-05-19 19:30:00,0.0004366005677992594,0.0009360488933548021
2025-05-19 19:45:00,-0.0001679007374787478,0.0009138126078435682
2025-05-19 20:00:00,-0.0011592840619905097,0.0008869282455629574
2025-05-20 04:00:00,-0.0030980106605871614,0.0009055824546632159
2025-05-20 04:15:00,0.0006068881994797167,0.0011604891255194625
2025-05-20 04:30:00,0.0002696099097973066,0.0011349139645902922
2025-05-20 04:45:00,-0.0006404422641126938,0.0011023199602694248
2025-05-20 05:00:00,8.429215666487833e-05,0.0010801910547396654
2025-05-20 05:15:00,-0.0005564595825126133,0.0010474875951130536
2025-05-20 05:30:00,0.000354146468560772,0.0010246830154828329
2025-05-20 05:45:00,-0.00015176170069690077,0.0009972471852843186
2025-05-20 06:00:00,0.0008428292589819247,0.0009675813808005771
2025-05-20 06:15:00,0.00011793942981524601,0.0009605532647133086
2025-05-20 06:30:00,-3.369556061307561e-05,0.0009317389132351511
2025-05-20 06:45:00,0.000741040184814084,0.0009033920974520006
2025-05-20 07:00:00,0.0002020065995691106,0.0008944823520701563
2025-05-20 07:15:00,0.0002356228026451735,0.0008686432855040266
2025-05-20 07:30:00,-0.0002356228026452215,0.0008441562499393924
2025-05-20 07:45:00,-0.00021884232497889995,0.000820472348199875
2025-05-20 08:00:00,0.0001346778675794986,0.0007972815685208771
2025-05-20 08:15:00,-0.0003198895566501904,0.0007736967837685957
2025-05-20 08:30:00,-0.0006232366395358219,0.000754208240559773
2025-05-20 08:45:00,3.369839932913533e-05,0.0007469977914640488
2025-05-20 09:00:00,0.0005558597018520404,0.0007242882667502472
2025-05-20 09:15:00,-0.0012469039646106508,0.0007153018133903584
2025-05-20 09:30:00,-0.0001686198469555516,0.0007577885278907756
2025-05-20 09:45:00,-0.00026985090901119675,0.0007358633059134933
2025-05-20 10:00:00,-3.373648432413849e-05,0.0007165014218242623
2025-05-20 10:15:00,0.0001349391089317284,0.0006947230521942476
2025-05-20 10:30:00,0.0017441350522576404,0.0006743695024852793
2025-05-20 10:45:00,-0.0016260782668066013,0.0007810302152670755
2025-05-20 11:00:00,0.0005395107442918816,0.0008556024410422004
2025-05-20 11:15:00,0.00025279549821596034,0.0008399979258800062
2025-05-20 11:30:00,-0.001298362054394106,0.0008167588740802546
2025-05-20 11:45:00,0.0009103790068465381,0.0008533545548849806
2025-05-20 12:00:00,-0.0010453704857144664,0.000856883044953499
2025-05-20 12:15:00,0.00015186413251471964,0.0008693455047961237
2025-05-20 12:30:00,0.0011972313350937808,0.0008436822110198487
2025-05-20 12:45:00,-1.685246509466756e-05,0.0008689611412391733
2025-05-20 13:00:00,0.0006233521383182785,0.0008424991972811911
2025-05-20 13:15:00,-0.0004885403690464792,0.0008309817548388426
2025-05-20 13:30:00,-0.0007248270424967533,0.0008145054559632023
2025-05-20 13:45:00,-5.902067833325166e-05,0.0008094049938184654
2025-05-20 14:00:00,-3.372766596440156e-05,0.0007848804136971624
2025-05-20 14:15:00,-0.0036577628772715568,0.0007610146393494592
2025-05-20 14:30:00,0.00032154069035971724,0.0011606672393096528
2025-05-20 14:45:00,-0.00020306630184511852,0.0011280615403938341
2025-05-20 15:00:00,8.461597046867068e-05,0.0010948267552254422
2025-05-20 15:15:00,0.0006597589581675077,0.0010616762586907196
2025-05-20 15:30:00,0.0005748195394033736,0.0010419424180560118
2025-05-20 15:45:00,0.001975534416528271,0.0010199658879416207
2025-05-20 16:00:00,-0.0012488607394974076,0.001100942669562738
2025-05-20 16:15:00,0.0009114389759665767,0.0011103735699140057
2025-05-20 16:30:00,-0.00043881857244247585,0.001099453026414689
2025-05-20 16:45:00,-3.3763252079599614e-05,0.0010713649444638838
2025-05-20 17:00:00,-1.6882053533393124e-05,0.0010387597754071892
2025-05-20 17:15:00,-0.00015195130833992973,0.0010071234576593104
2025-05-20 17:30:00,-0.00010131370107605162,0.0009771515498815725
2025-05-20 17:45:00,0.0001181983200327095,0.0009477085576860353
2025-05-20 18:00:00,-0.002451250942113174,0.0009192935713166811
2025-05-20 18:15:00,0.0006937218453725302,0.0010746685539834925
2025-05-20 18:30:00,0.0007101432420584067,0.0010556953873113858
2025-05-20 18:45:00,0.00015210796314508963,0.0010382106680233922
2025-05-20 19:00:00,0.0007010875590726056,0.001007271918437545
2025-05-20 19:15:00,-0.00017733715639907646,0.0009915706432431653
2025-05-20 19:30:00,-0.00021960386928918013,0.0009623442773412992
2025-05-20 19:45:00,0.0007430801010694621,0.0009345767326485617
2025-05-20 20:00:00,0.000843739503311441,0.0009242065414461757
2025-05-21 04:00:00,-0.0047171892596376535,0.0009195771029901092
2025-05-21 04:15:00,-0.0001355886243219842,0.0014594509913380142
2025-05-21 04:30:00,-0.0009496354792002567,0.0014153799563556048
2025-05-21 04:45:00,0.0005258024969548277,0.001391837220440435
2025-05-21 05:00:00,-0.0004070487327450567,0.001355568623589153
2025-05-21 05:15:00,-0.00033933389083491304,0.0013180491781089158
2025-05-21 05:30:00,-0.0012905199529264911,0.0012805964497557077
2025-05-21 05:45:00,0.0,0.001281194027473353
2025-05-21 06:00:00,-0.00037388260521872043,0.0012421636960849353
2025-05-21 06:15:00,-0.0005951014823623469,0.001207799528542801
2025-05-21 06:30:00,0.0011049067477968695,0.0011800430778314457
2025-05-21 06:45:00,0.0007302679388774697,0.0011756703198113237
2025-05-21 07:00:00,0.00023764662059524628,0.0011538050678452081
2025-05-21 07:15:00,0.0011365276067949958,0.0011201690593330047
2025-05-21 07:30:00,0.0005931952209875988,0.0011211573030838265
2025-05-21 07:45:00,-0.00013555645947289287,0.0010966708305480085
2025-05-21 08:00:00,-0.0014329383193712767,0.0010637801601659324
2025-05-21 08:15:00,0.0008059201211493913,0.0010894628350890416
2025-05-21 08:30:00,-0.001391556763092673,0.0010745622119720402
2025-05-21 08:45:00,0.0006959355946393988,0.0010961700251552616
2025-05-21 09:00:00,-0.0014093477732871162,0.001076360990429846
2025-05-21 09:15:00,-8.496393286150402e-05,0.0010991885514233365
2025-05-21 09:30:00,0.0022406310297510687,0.0010659060350136696
2025-05-21 09:45:00,0.00010172767510178345,0.0011701333170365028
2025-05-21 10:00:00,0.00025427392218912954,0.0011347599623063086
2025-05-21 10:15:00,-0.0006273260011937363,0.0011019522110239338
2025-05-21 10:30:00,-0.0004919631975044927,0.001079376222437815
2025-05-21 10:45:00,0.0022373269896428624,0.0010534094716928505
2025-05-21 11:00:00,0.0022576713306305743,0.001159063910086127
2025-05-21 11:15:00,-0.0003294545023570486,0.001252456861146669
2025-05-21 11:30:00,3.379520108455125e-05,0.001216980572498495
2025-05-21 11:45:00,-0.00011828820088975919,0.0011799354804163738
2025-05-21 12:00:00,0.00035482263464809495,0.0011443567623677844
2025-05-21 12:15:00,-0.000270836571553477,0.0011128940658147934
2025-05-21 12:30:00,0.0004313102225465108,0.0010810283791518544
2025-05-21 12:45:00,-0.0007350115018036205,0.0010534071983920423
2025-05-21 13:00:00,-0.0024963097215774882,0.0010370637572269788
2025-05-21 13:15:00,-0.009269532037641026,0.0011768028279720655
2025-05-21 13:30:00,0.002869197398119464,0.0025411073283076566
2025-05-21 13:45:00,-0.0003471107330871499,0.002561977847152991
2025-05-21 14:00:00,-0.0014280881627314389,0.0024853844393988573
2025-05-21 14:15:00,-0.00011959780979422995,0.0024349278861891645
2025-05-21 14:30:00,0.0009905218126915684,0.0023609319347350083
2025-05-21 14:45:00,-0.0031114859356454042,0.002301831364828788
2025-05-21 15:00:00,-0.0008907770905582058,0.002358262635468352
2025-05-21 15:15:00,-0.002144542962160301,0.002296808117340055
2025-05-21 15:30:00,0.0037028825331122664,0.002287957986327436
2025-05-21 15:45:00,-0.002484217935535877,0.0023965281107487975
2025-05-21 16:00:00,-0.0010555177521739427,0.00240187978290899
2025-05-21 16:15:00,0.0005579327449529787,0.002343017704918889
2025-05-21 16:30:00,0.0002574024673368881,0.002275747214543615
2025-05-21 16:45:00,0.0001200984808985223,0.0022073194656062603
2025-05-21 17:00:00,-0.00015441498199158466,0.00214027780639722
2025-05-21 17:15:00,0.0006684450377399712,0.002075421013298968
2025-05-21 17:30:00,-0.00020527160532128914,0.002018845998486534
2025-05-21 17:45:00,-0.0002916027019643366,0.001957989530509766
2025-05-21 18:00:00,-0.0006521254371244605,0.0018996845921463589
2025-05-21 18:15:00,0.0006521254371244456,0.0018487264567276218
2025-05-21 18:30:00,-0.00012009642041306223,0.0017995105435203963
2025-05-21 18:45:00,0.00010294067195028964,0.001744938191879119
2025-05-21 19:00:00,0.0004716758730908428,0.001691968245206204
2025-05-21 19:15:00,0.0002691843131523921,0.0016444877129289691
2025-05-21 19:30:00,-0.0002606104471532415,0.001595752819005102
2025-05-21 19:45:00,-0.00015434083631914584,0.0015484561679656582
2025-05-21 20:00:00,-0.00037737791414818855,0.0015017598940874597
2025-05-22 04:00:00,0.0016628242695197041,0.001458941622589956
2025-05-22 04:15:00,0.0007533601931516298,0.0014719711585884125
2025-05-22 04:30:00,0.00018825140174534206,0.0014390101601624201
2025-05-22 04:45:00,-0.0005991047842259115,0.0013959339318188302
2025-05-22 05:00:00,-0.0004624119144898506,0.0013613409719948674
2025-05-22 05:15:00,0.0005651410862407415,0.0013247202626327358
2025-05-22 05:30:00,-0.0005480109054312613,0.0012918025447479972
2025-05-22 05:45:00,0.00018841262420311516,0.0012596219841240677
2025-05-22 06:00:00,8.563036800604512e-05,0.0012221205543369606
2025-05-22 06:15:00,0.0002910884158805559,0.0011850754760640344
2025-05-22 06:30:00,-0.0003424657567718637,0.001151183564372722
2025-05-22 06:45:00,-0.0005653250341142817,0.0011192618775883736
2025-05-22 07:00:00,-8.568319500749396e-05,0.0010939642888307967
2025-05-22 07:15:00,-0.0007200288322597179,0.001060845365695325
2025-05-22 07:30:00,-0.00017151187761798485,0.001043540036452522
2025-05-22 07:45:00,-0.0034192179427421977,0.0010126214685994039
2025-05-22 08:00:00,-0.0005164755821860691,0.001290480989688155
2025-05-22 08:15:00,-0.0010509903535453832,0.0012575474286409222
2025-05-22 08:30:00,0.002668389790756722,0.001246119916604834
2025-05-22 08:45:00,0.0025069555353099304,0.0013736317557084092
2025-05-22 09:00:00,0.00034327252214234714,0.0014665407978076842
2025-05-22 09:15:00,-0.001149620410567979,0.001424348117000831
2025-05-22 09:30:00,-0.00025748199913951233,0.0014093754397616178
2025-05-22 09:45:00,0.0028971366060159,0.001367894952539818
2025-05-22 10:00:00,-0.0005981109769167585,0.0015041517330202814
2025-05-22 10:15:00,-0.001698337393965663,0.001465669913122849
2025-05-22 10:30:00,-0.000926927302579681,0.0014806613356213676
2025-05-22 10:45:00,0.001029866208429809,0.0014533988319837977
2025-05-22 11:00:00,5.146547954081454e-05,0.00143152490001365
2025-05-22 11:15:00,-0.0006520918650948788,0.001387972135430898
2025-05-22 11:30:00,0.0024003440586244425,0.0013551354463078684
2025-05-22 11:45:00,0.0005136106943927413,0.0014394122582346046
2025-05-22 12:00:00,0.0012657796496907698,0.0014012212341134274
2025-05-22 12:15:00,-0.0011374181836265108,0.0013934660302313841
2025-05-22 12:30:00,-0.0005392289157351936,0.001379444065640553
2025-05-22 12:45:00,-0.001525108895338901,0.001343927097662287
2025-05-22 13:00:00,-0.0004976200194989597,0.0013554811211372996
2025-05-22 13:15:00,0.0031522084475838516,0.0013198283474006843
2025-05-22 13:30:00,0.00105986539375349,0.0014945284006760852
2025-05-22 13:45:00,0.0001708408792209609,0.0014720723865266768
2025-05-22 14:00:00,0.0002562066064077981,0.0014278404955962918
2025-05-22 14:15:00,5.123344520441183e-05,0.0013857645115685437
2025-05-22 14:30:00,-0.0006493218863319248,0.0013436071511367773
2025-05-22 14:45:00,0.0011103048125171734,0.0013123492297078976
2025-05-22 15:00:00,0.0005887246602497085,0.0013011116313652513
2025-05-22 15:15:00,0.000554278833491627,0.0012696904316299611
2025-05-22 15:30:00,-0.0024582200535027713,0.001238475056736197
2025-05-22 15:45:00,-0.003492855190490605,0.0013432654198165207
2025-05-22 16:00:00,7.718001384508041e-05,0.001558236988296258
2025-05-22 16:15:00,-0.0003344897561537918,0.0015108850936670015
2025-05-22 16:30:00,0.0008317292300661468,0.0014671470083490422
2025-05-22 16:45:00,0.0009680501400634426,0.0014369674784732874
2025-05-22 17:00:00,8.562303607398855e-05,0.001413226898469986
2025-05-22 17:15:00,-0.00013700037696535297,0.0013703348236193745
2025-05-22 17:30:00,5.1377340891280264e-05,0.001329012649786233
2025-05-22 17:45:00,0.0002905748050654994,0.001288587026073031
2025-05-22 18:00:00,-0.0007787661515062375,0.0012513573252185984
2025-05-22 18:15:00,-0.00033416303182597247,0.0012281408914206304
2025-05-22 18:30:00,-0.0002742684762723952,0.0011935368206046433
2025-05-22 18:45:00,-0.0013982237119471886,0.0011591254140235665
2025-05-22 19:00:00,0.0006264400817569753,0.0011748443279125404
2025-05-22 19:15:00,0.0002744802048386432,0.001149342974790586
2025-05-22 19:30:00,-0.00035169133872252204,0.0011163558036080346
2025-05-22 19:45:00,0.0005575020621877661,0.0010857699900523713
2025-05-22 20:00:00,-5.144870993484952e-05,0.0010615136343830182
2025-05-23 04:00:00,0.002158570015143341,0.001029252807821003
2025-05-23 04:15:00,6.844978355425109e-05,0.0011293206508691538
2025-05-23 04:30:00,-0.0008559592401269477,0.001095045362942958
2025-05-23 04:45:00,-0.0004453885231910545,0.0010821907684573106
2025-05-23 05:00:00,-0.0006341643383696548,0.0010548795684672207
2025-05-23 05:15:00,-0.002282890477291707,0.0010344730611354766
2025-05-23 05:30:00,0.001425272202054155,0.001148312579065758
2025-05-23 05:45:00,0.001011911484071024,0.001166785551625967
2025-05-23 06:00:00,-0.0008746431242121892,0.0011580773303928433
2025-05-23 06:15:00,0.00020586721637295133,0.0011430549211055108
2025-05-23 06:30:00,-0.00018870999618536788,0.0011093795374669314
2025-05-23 06:45:00,0.0005488756762897302,0.0010765761786427094
2025-05-23 07:00:00,-0.00012004081402071598,0.001052402566890177
2025-05-23 07:15:00,-0.0029713110218425537,0.0010207657326003145
2025-05-23 07:30:00,-0.006782846311789276,0.0012284812865124874
2025-05-23 07:45:00,-0.004025826218862432,0.002044269194698658
2025-05-23 08:00:00,-0.0015487017494880192,0.0022137594613324814
2025-05-23 08:15:00,0.0022960924349428556,0.0021795861354882875
2025-05-23 08:30:00,-6.950115548459336e-05,0.0021867515649657394
2025-05-23 08:45:00,-0.000817000610392218,0.002120202652367015
2025-05-23 09:00:00,-0.000991726991008733,0.002065331239709687
2025-05-23 09:15:00,0.002625061266653321,0.0020170941691996487
2025-05-23 09:30:00,0.002062526551764435,0.002058641676784739
2025-05-23 09:45:00,-0.000691890900188199,0.0020588749759991192
2025-05-23 10:00:00,0.0026318994293049592,0.0020033349639671954
2025-05-23 10:15:00,-0.0009861507187539115,0.0020465003287419192
2025-05-23 10:30:00,0.0012455025136254554,0.0019988054868381433
2025-05-23 10:45:00,-0.002284607591362652,0.0019617814767318633
2025-05-23 11:00:00,0.0005543237392497142,0.00198263392473045
2025-05-23 11:15:00,0.0017994329722178185,0.0019270245279176625
2025-05-23 11:30:00,0.0010712003650477683,0.0019196082049769405
2025-05-23 11:45:00,-0.001849403792099879,0.0018795345525694951
2025-05-23 12:00:00,0.00012109364878626622,0.0018777403413194436
2025-05-23 12:15:00,0.0009682216600638955,0.0018207784275852828
2025-05-23 12:30:00,0.0005183048093778651,0.0017811701851309302
2025-05-23 12:45:00,6.908701512291773e-05,0.0017315691113036305
2025-05-23 13:00:00,0.0017773487677536092,0.0016789038307559816
2025-05-23 13:15:00,0.001825823850198016,0.0016849727318522397
2025-05-23 13:30:00,-0.001248434238372936,0.0016937541393536367
2025-05-23 13:45:00,0.0007836822268405215,0.0016703862374778573
2025-05-23 14:00:00,0.001166634392478683,0.0016308366691284721
2025-05-23 14:15:00,-0.0012613325851054608,0.0016067708907104498
2025-05-23 14:30:00,0.0002668537528156414,0.0015881648299012653
2025-05-23 14:45:00,-0.0003271209085252959,0.001541169728110017
2025-05-23 15:00:00,0.0007573801894015211,0.0014963663883955046
2025-05-23 15:15:00,-0.0021876381380845867,0.0014625946503725804
2025-05-23 15:30:00,0.0014130380941903002,0.0015159082300761856
2025-05-23 15:45:00,-0.0026899350633643113,0.0015099336725929152
2025-05-23 16:00:00,-0.0008291301518315089,0.001605381808978518
2025-05-23 16:15:00,0.0003801033235694774,0.0015696697474194242
2025-05-23 16:30:00,-0.000829502691603073,0.0015246967046600604
2025-05-23 16:45:00,-0.005245051065009392,0.0014921469504213642
2025-05-23 17:00:00,0.006169557017023065,0.0019348245426461907
2025-05-23 17:15:00,0.00010362962780314975,0.002408887560131106
2025-05-23 17:30:00,-0.0001640852037690789,0.0023356410825935234
2025-05-23 17:45:00,-0.00010364663416822883,0.0022648447072465
2025-05-23 18:00:00,0.00010364663416834555,0.0021959951758946097
2025-05-23 18:15:00,-0.00033689084623391,0.002129247679647842
2025-05-23 18:30:00,4.3197477273972276e-05,0.0020660308968999345
2025-05-23 18:45:00,0.0002387619908474317,0.0020031192196798995
2025-05-23 19:00:00,2.038369366766988e-05,0.0019429765436186702
2025-05-23 19:15:00,0.00017272648803626868,0.001883792267689637
2025-05-23 19:30:00,-2.5907071336587795e-05,0.0018268943526430284
2025-05-23 19:45:00,2.590707133646823e-05,0.0017712511588582136
2025-05-23 20:00:00,0.00018996468440971836,0.0017173034380306483
2025-05-27 04:00:00,0.015387555153037856,0.001665637543781643
2025-05-27 04:15:00,-0.0004081840966924861,0.004100548589748276
2025-05-27 04:30:00,-0.00011908508643502003,0.003976886428863784
2025-05-27 04:45:00,-0.00039137944736526047,0.0038558447846697296
2025-05-27 05:00:00,0.0014456399473324602,0.003739609249048096
2025-05-27 05:15:00,-0.0014286202640683846,0.0036429368903223543
2025-05-27 05:30:00,0.0008676199688552613,0.0035492516376263916
2025-05-27 05:45:00,-8.502750644969541e-05,0.0034476835441471987
2025-05-27 06:00:00,-0.0002040955174102395,0.003342718099385524
2025-05-27 06:15:00,0.0004761580934805273,0.0032412710058333
2025-05-27 06:30:00,6.800408027118969e-05,0.003144692522498741
2025-05-27 06:45:00,-0.001258824696299193,0.0030489380234258513
2025-05-27 07:00:00,-0.0001021363521188849,0.0029720935488996955
2025-05-27 07:15:00,-8.512159625146632e-05,0.002881660210654956
2025-05-27 07:30:00,0.000510620926127239,0.002793951033332644
2025-05-27 07:45:00,-0.00028931984510456913,0.0027117220834504516
2025-05-27 08:00:00,-0.0005959222072239177,0.002630067074575621
2025-05-27 08:15:00,0.0,0.002554119230651638
2025-05-27 08:30:00,-0.0012438968820237817,0.0024763104695739273
2025-05-27 08:45:00,0.0003919629405665391,0.002420128818142676
2025-05-27 09:00:00,0.000937087430673109,0.0023483654280003017
2025-05-27 09:15:00,-0.001909178269801557,0.0022883659986079473
2025-05-27 09:30:00,-0.000819165618389724,0.002267403692976352
2025-05-27 09:45:00,0.0009044745647906966,0.002207467842376994
2025-05-27 10:00:00,0.0015002474812118225,0.0021516560768213002
2025-05-27 10:15:00,0.0014639795614848458,0.0021182282669343386
2025-05-27 10:30:00,0.0003571580462304284,0.002084771378539142
2025-05-27 10:45:00,-6.802027006683664e-05,0.0020231532593772187
2025-05-27 11:00:00,0.00045904706038377206,0.0019615906223525185
2025-05-27 11:15:00,0.0008495311099479268,0.0019051537879494346
2025-05-27 11:30:00,6.793132146025327e-05,0.001858799743060009
2025-05-27 11:45:00,0.00019527684800322955,0.0018022500313713628
2025-05-27 12:00:00,0.00083162205027101,0.0017480008146123266
2025-05-27 12:15:00,-0.00014421139719188246,0.0017069481981249615
2025-05-27 12:30:00,0.0015258895504143366,0.0016553246321014895
2025-05-27 12:45:00,-0.0005761735458498402,0.0016478452580831842
2025-05-27 13:00:00,0.00020339327855342865,0.0016038668623698888
2025-05-27 13:15:00,0.00020352136082855076,0.0015558045208256019
2025-05-27 13:30:00,0.0002370222092772568,0.0015092320236659794
2025-05-27 13:45:00,0.0011851150948585319,0.0014644060894590724
2025-05-27 14:00:00,0.00021756994088101836,0.0014491673300339807
2025-05-27 14:15:00,-0.0007930218557522264,0.001406030225195051
2025-05-27 14:30:00,-0.0001354485890020261,0.0013769672306683139
2025-05-27 14:45:00,-0.0003217639465860559,0.0013354314689605236
2025-05-27 15:00:00,8.46879882803517e-06,0.0012971455192198045
2025-05-27 15:15:00,-0.00018633014367453891,0.001257630951982063
2025-05-27 15:30:00,0.00019479887078252835,0.0012201723689900612
2025-05-27 15:45:00,0.0011003242834439976,0.0011839629088140802
2025-05-27 16:00:00,0.000625967206127108,0.0011791119077529668
2025-05-27 16:15:00,-0.00020308772893194412,0.0011534282353633212
2025-05-27 16:30:00,0.0002705490471196559,0.0011193960737933238
2025-05-27 16:45:00,1.690688532944248e-05,0.0010873162019561353
2025-05-27 17:00:00,0.0001690531338025569,0.0010542003046008044
2025-05-27 17:15:00,0.00023730238012056239,0.0010229236154328
2025-05-27 17:30:00,-0.00028615579967118616,0.0009934631874438818
2025-05-27 17:45:00,8.266061710597378e-05,0.0009657453427373675
2025-05-27 18:00:00,-0.0008962771279893543,0.0009365437467918949
2025-05-27 18:15:00,0.0002452877279623739,0.0009341766961796422
2025-05-27 18:30:00,-0.0001263579570361044,0.000907708597443773
2025-05-27 18:45:00,0.00038849556386785626,0.0008806002407445283
2025-05-27 19:00:00,0.00015217740533071528,0.0008590605945729685
2025-05-27 19:15:00,-0.00032129057626760943,0.0008337238611199572
2025-05-27 19:30:00,0.00038824129886992647,0.0008121474041506417
2025-05-27 19:45:00,-0.000337504344598548,0.0007931281611904854
2025-05-27 20:00:00,-0.0002537105176617978,0.0007733975007888054
2025-05-28 04:00:00,-0.002082857823288012,0.000752407611723274
2025-05-28 04:15:00,0.0002881331534074915,0.0008901954751908698
2025-05-28 04:30:00,0.00027110832638044415,0.0008659574746214928
2025-05-28 04:45:00,-0.0006948622842270874,0.0008421991394317805
2025-05-28 05:00:00,0.0,0.0008340931858458807
2025-05-28 05:15:00,-0.0002712968003618876,0.0008086833472466581
2025-05-28 05:30:00,0.0,0.0007868587852851433
2025-05-28 05:45:00,0.0006781040471409962,0.0007628878968115739
2025-05-28 06:00:00,0.0005421523580884145,0.0007580683164731469
2025-05-28 06:15:00,0.000152427406742889,0.00074687567161935
2025-05-28 06:30:00,0.0014722683202590145,0.0007250847671721049
2025-05-28 06:45:00,0.0008789426210687872,0.0007900996676497352
2025-05-28 07:00:00,-0.0004562776274987838,0.0007957100248198994
2025-05-28 07:15:00,-0.00052413118005062,0.0007795232731511657
2025-05-28 07:30:00,-0.00011839023125283186,0.0007666028639493358
2025-05-28 07:45:00,0.00038894385324903967,0.0007438145795598325
2025-05-28 08:00:00,0.00035499057957325475,0.0007274208962482703
2025-05-28 08:15:00,-0.00011831619170869448,0.0007106010057520772
2025-05-28 08:30:00,0.0007688051373262737,0.000689562531817484
2025-05-28 08:45:00,-0.001174566960706398,0.0006945720815870032
2025-05-28 09:00:00,0.0005240780150887657,0.0007322984409650757
2025-05-28 09:15:00,-0.00015212338926432706,0.0007215017756010379
2025-05-28 09:30:00,0.0014442387108524555,0.0007005136793792105
2025-05-28 09:45:00,-0.002783077014189462,0.0007657844196201965
2025-05-28 10:00:00,-0.0005392553919708463,0.0010079540121987922
2025-05-28 10:15:00,-0.00042348119105970985,0.0009861342687136282
2025-05-28 10:30:00,-0.0006101281458337268,0.0009617033468416139
2025-05-28 10:45:00,-0.0008819539241969338,0.0009443073170038923
2025-05-28 11:00:00,-0.0002969864383881511,0.0009406826743778405
2025-05-28 11:15:00,0.00039879005929147624,0.0009149223556768936
2025-05-28 11:30:00,-0.00034787183395019745,0.0008924124341276833
2025-05-28 11:45:00,-0.00022915243405005134,0.0008694117805746063
2025-05-28 12:00:00,0.0011791503849665195,0.0008447928052674553
2025-05-28 12:15:00,0.00020345362599109978,0.0008684918702116668
2025-05-28 12:30:00,0.0003898371208203707,0.0008435075835948771
2025-05-28 12:45:00,-0.00029660137416770275,0.0008233669411710161
2025-05-28 13:00:00,0.0005761735458498819,0.0008015831055692271
2025-05-28 13:15:00,3.3712817116408856e-05,0.0007898746127849659
2025-05-28 13:30:00,-0.0010846316201917434,0.000765856372258626
2025-05-28 13:45:00,8.83535969179663e-05,0.0007886249863176924
2025-05-28 14:00:00,0.0009625652061572471,0.0007649065226465298
2025-05-28 14:15:00,-0.0002626261785618646,0.0007781831247529378
2025-05-28 14:30:00,7.625341555437508e-05,0.0007572140963368233
2025-05-28 14:45:00,-0.0006780120945883597,0.000734383871985723
2025-05-28 15:00:00,0.00041533695866890114,0.0007311241448422175
2025-05-28 15:15:00,-0.0008308464938067697,0.0007161146916627029
2025-05-28 15:30:00,-0.0012815346219345496,0.0007235118453035294
2025-05-28 15:45:00,-0.001785001366452301,0.0007685057489113942
2025-05-28 16:00:00,0.00015312502688315293,0.0008639090308808366
2025-05-28 16:15:00,0.0018017104120888953,0.0008384302721459288
2025-05-28 16:30:00,0.0012049932298237454,0.0009249632568472257
2025-05-28 16:45:00,0.0009493939850180889,0.0009441102297727978
2025-05-28 17:00:00,-0.0006610898051543989,0.0009444280887030298
2025-05-28 17:15:00,-0.0009669950113517426,0.0009298656535629905
2025-05-28 17:30:00,-0.00015276893727979142,0.0009321351225945244
2025-05-28 17:45:00,0.0009332236765895731,0.0009045129266404689
2025-05-28 18:00:00,0.00021197488600921763,0.0009062612218477437
2025-05-28 18:15:00,6.782247469854641e-05,0.0008801856845174117
2025-05-28 18:30:00,0.0011790366038535057,0.0008535333749538302
2025-05-28 18:45:00,0.0025019024251621987,0.0008764791541297807
2025-05-28 19:00:00,0.006096552952822674,0.0010477087905847514
2025-05-28 19:15:00,-0.0006214257722171101,0.001806075735308656
2025-05-28 19:30:00,0.002299025185943786,0.0017576590077125307
2025-05-28 19:45:00,1.6761789824392816e-05,0.0017947518726792431
2025-05-28 20:00:00,-0.014979213312597576,0.0017400813443262926
2025-05-29 04:00:00,0.016971862939195892,0.004038418005560852
2025-05-29 04:15:00,-0.0014899265326421788,0.0057107739130516175
2025-05-29 04:30:00,-0.00013403478222646,0.0055488156600478
2025-05-29 04:45:00,-0.0002681234724647148,0.0053798765631574656
2025-05-29 05:00:00,0.00035189731664400685,0.005216397313904638
2025-05-29 05:15:00,-0.0002681010086602897,0.005058219329330086
2025-05-29 05:30:00,-3.3517680579633493e-05,0.004904565271830183
2025-05-29 05:45:00,-0.0011570484819673139,0.0047551595432118576
2025-05-29 06:00:00,-0.001612036888589951,0.004619001560499005
2025-05-29 06:15:00,-0.0009079140459233569,0.004495662872897521
2025-05-29 06:30:00,0.0,0.004364376709408955
2025-05-29 06:45:00,3.3641149857567584e-05,0.00423142021287575
2025-05-29 07:00:00,-0.00011774897614032725,0.0041025223826903455
2025-05-29 07:15:00,-0.0017004945632730225,0.003977647595719068
2025-05-29 07:30:00,0.0007748412805336286,0.0038789019680277002
2025-05-29 07:45:00,-0.0018876198007159114,0.0037655212639840655
2025-05-29 08:00:00,-0.000455584717107295,0.003679971178809485
2025-05-29 08:15:00,-0.0001856681103476081,0.0035696092293588757
2025-05-29 08:30:00,-0.0006742650779046006,0.0034611633602210433
2025-05-29 08:45:00,0.0004193372455798992,0.0033597843236561073
2025-05-29 09:00:00,0.0004574731525321594,0.003259050825459468
2025-05-29 09:15:00,0.000894084761433382,0.003161753381759814
2025-05-29 09:30:00,-0.0034119349361840627,0.0030732469204219643
2025-05-29 09:45:00,0.0003396881668256122,0.0030946136812816075
2025-05-29 10:00:00,-0.0025925326994677427,0.0030014928101252656
2025-05-29 10:15:00,0.0006611346327833982,0.002978539086825656
2025-05-29 10:30:00,-0.0006017841810665492,0.002892338038059047
2025-05-29 10:45:00,0.002024283616546484,0.002808097366341484
2025-05-29 11:00:00,-0.0022362656921361148,0.002767336195574338
2025-05-29 11:15:00,0.001880830491846963,0.002738377931718922
2025-05-29 11:30:00,-0.0025934195956345287,0.002694632122471148
2025-05-29 11:45:00,-0.003400265096255918,0.0026886668166337443
2025-05-29 12:00:00,0.002364409106471786,0.0027365857668460464
2025-05-29 12:15:00,0.000696349289753457,0.0027156939049002016
2025-05-29 12:30:00,0.0008909593675531311,0.002638482124632605
2025-05-29 12:45:00,0.000474853948938382,0.0025673957938664774
2025-05-29 13:00:00,2.5432242150218117e-05,0.002491898687545468
2025-05-29 13:15:00,-0.0008311212982555525,0.002415993446346207
2025-05-29 13:30:00,-0.00018667322905563602,0.0023512227945401924
2025-05-29 13:45:00,-0.0011121064251221836,0.0022800536233734134
2025-05-29 14:00:00,0.0009084231519066637,0.0022273151317176968
2025-05-29 14:15:00,-0.0018010063315892111,0.0021708962876183435
2025-05-29 14:30:00,0.002013175507598744,0.002150497774582635
2025-05-29 14:45:00,-0.0007213890982756316,0.002142506656988375
2025-05-29 15:00:00,-0.00045034673296983615,0.0020847395095291376
2025-05-29 15:15:00,0.0006200023130201523,0.002024237936614685
2025-05-29 15:30:00,0.0006620437020885786,0.0019684387322640483
2025-05-29 15:45:00,0.0012210842030099854,0.0019153496004450897
2025-05-29 16:00:00,-0.0009496032728777417,0.0018809340882285288
2025-05-29 16:15:00,0.0007800973821420475,0.0018384077469800024
2025-05-29 16:30:00,-0.0003730141279962347,0.001792615847593738
2025-05-29 16:45:00,-0.0004240486532150138,0.0017404056006582634
2025-05-29 17:00:00,0.0001187517496073977,0.00169057977958217
2025-05-29 17:15:00,-0.00016964967383132647,0.0016393359967823136
2025-05-29 17:30:00,-0.00028847051437490734,0.001589938370011665
2025-05-29 17:45:00,-0.00033099515267004165,0.0015431210884013775
2025-05-29 18:00:00,0.0005515977380086894,0.0014983066439572283
2025-05-29 18:15:00,-0.0011884349712037762,0.0014589321558048437
2025-05-29 18:30:00,-0.000373800021343241,0.0014441318201513648
2025-05-29 18:45:00,0.0005436629423747813,0.001403128397008857
2025-05-29 19:00:00,0.00022077867028068998,0.0013668859880318412
2025-05-29 19:15:00,0.00015281822302159003,0.0013263480913003835
2025-05-29 19:30:00,-0.0009512485854042686,0.0012864868861732126
2025-05-29 19:45:00,-0.0005441472054969205,0.0012688727399041745
2025-05-29 20:00:00,0.0033104476449707055,0.0012374172776968234
2025-05-30 04:00:00,-0.0007120575372064418,0.0014480584396354957
2025-05-30 04:15:00,-0.0005428605490671993,0.0014147375749944445
2025-05-30 04:30:00,-0.00020364870668577805,0.0013780694163499545
2025-05-30 04:45:00,-0.0002376425866699174,0.0013370187601699705
2025-05-30 05:00:00,0.0002885586515479432,0.0012975941025927978
2025-05-30 05:15:00,0.0005599056790060394,0.0012600481711036217
2025-05-30 05:30:00,-0.00028839710784902227,0.001229336313648336
2025-05-30 05:45:00,-0.0007807859176254793,0.001193977419903807
2025-05-30 06:00:00,1.6980090843955524e-05,0.0011732965326103535
2025-05-30 06:15:00,0.0008147054781299607,0.0011375607973372033
2025-05-30 06:30:00,8.482699539391207e-05,0.0011208151473574243
2025-05-30 06:45:00,-0.0002205651566894884,0.0010868692359350077
2025-05-30 07:00:00,0.0011023396152339356,0.001055142924518455
2025-05-30 07:15:00,-0.0005086211390866292,0.0010580340983779885
2025-05-30 07:30:00,-0.00023744509193829663,0.0010333400756373666
2025-05-30 07:45:00,-0.0003393051064039121,0.0010035472183730465
2025-05-30 08:00:00,-0.004199936458266945,0.000976518446138079
2025-05-30 08:15:00,0.00039183284571632667,0.0013981205077953213
2025-05-30 08:30:00,0.0019721640378032495,0.0013589218063588889
2025-05-30 08:45:00,-0.0008297407149562215,0.001403294062828639
2025-05-30 09:00:00,-0.0001550043216301918,0.0013756410696134605
2025-05-30 09:15:00,0.002090788546678433,0.0013342738218395324
2025-05-30 09:30:00,-0.001971683197856544,0.0013913134939914867
2025-05-30 09:45:00,-0.001123557368545441,0.0014327805561954068
2025-05-30 10:00:00,0.003621498292042605,0.0014161325448218778
2025-05-30 10:15:00,0.0006447125314508202,0.0016346316080969184
2025-05-30 10:30:00,-0.0008483923474851476,0.0015926828056555171
2025-05-30 10:45:00,-0.0006962192183007985,0.00155808420272499
2025-05-30 11:00:00,-0.00010192640922090257,0.0015202144821735452
2025-05-30 11:15:00,0.0008412613165977406,0.0014741140685426517
2025-05-30 11:30:00,-0.002609638441659856,0.0014439857291604628
2025-05-30 11:45:00,0.0006635079396511972,0.001539026272234903
2025-05-30 12:00:00,0.0005243701302636698,0.0015009664625801327
2025-05-30 12:15:00,-0.005460168022715496,0.001460898403207308
2025-05-30 12:30:00,-0.0008806016018058575,0.001948070015682479
2025-05-30 12:45:00,-0.0002822985967978429,0.0019010012440046557
2025-05-30 13:00:00,0.0017182208250940381,0.0018443857882205815
2025-05-30 13:15:00,0.0008281361860799657,0.0018370602515622241
2025-05-30 13:30:00,-0.00014406349196573003,0.0017926102527764853
2025-05-30 13:45:00,8.432404129497383e-05,0.0017383583303337818
2025-05-30 14:00:00,0.00270177143053391,0.0016855274949400323
2025-05-30 14:15:00,0.0013864024233006104,0.001763098661957931
2025-05-30 14:30:00,-0.0005951520789188895,0.0017427944741276878
2025-05-30 14:45:00,0.0013088673368396835,0.0016959790635881955
2025-05-30 15:00:00,0.0014767917267702348,0.0016752767853129439
2025-05-30 15:15:00,0.0018471607282278435,0.001664035455517515
2025-05-30 15:30:00,-0.0012536637418805068,0.001675587456010773
2025-05-30 15:45:00,-0.0007292029118153382,0.001653311250200205
2025-05-30 16:00:00,0.0002544335051762376,0.001612865777996498
2025-05-30 16:15:00,-0.0006701474999389723,0.0015649728564022091
2025-05-30 16:30:00,-5.940182365336538e-05,0.0015261512045336842
2025-05-30 16:45:00,-3.394548355678084e-05,0.0014797300306991267
2025-05-30 17:00:00,0.00011880415149624363,0.0014346755883052106
2025-05-30 17:15:00,-0.0004073872951508491,0.0013912739725312668
2025-05-30 17:30:00,0.0005685989281920954,0.0013525762585301338
2025-05-30 17:45:00,0.00014421996114069748,0.0013187467791427908
2025-05-30 18:00:00,-0.000746775323231479,0.0012790603767144854
2025-05-30 18:15:00,-0.0006114130625250775,0.0012535135114738053
2025-05-30 18:30:00,-0.00037382542788066703,0.0012245194616755275
2025-05-30 18:45:00,-0.00025496111981051264,0.0011907416866527376
2025-05-30 19:00:00,-0.00023802237522685776,0.0011561548896361386
2025-05-30 19:15:00,3.400666530954678e-05,0.001122449001142723
2025-05-30 19:30:00,0.000289009972855552,0.0010882865623324802
2025-05-30 19:45:00,0.00017149642742223325,0.0010575051721447221
2025-05-30 20:00:00,0.001679585455315562,0.0010261495111547748
2025-06-02 04:00:00,-0.003944040608924011,0.0010765984804889182
2025-06-02 04:15:00,0.00040872631233669805,0.0014222685436970357
2025-06-02 04:30:00,-0.0008687431877343282,0.0013825702056931733
2025-06-02 04:45:00,-3.4083743761726156e-05,0.00135723735390105
2025-06-02 05:00:00,-0.0011595390426813262,0.0013159169209453132
2025-06-02 05:15:00,0.0005458329204530754,0.0013070619532946867
2025-06-02 05:30:00,-0.0008871298520937556,0.0012742771705514112
2025-06-02 05:45:00,0.000648364608356943,0.0012544223098357877
2025-06-02 06:00:00,0.0008524713659650602,0.0012265330861624235
2025-06-02 06:15:00,-0.0003749978737248173,0.0012073619393336333
2025-06-02 06:30:00,0.0003920398908182773,0.0011741792391778488
2025-06-02 06:45:00,0.0003407793656997512,0.0011424520948962649
2025-06-02 07:00:00,0.0009365448991530364,0.0011107892763031592
2025-06-02 07:15:00,-3.4040814940385735e-05,0.0011011124503232468
2025-06-02 07:30:00,-8.510710734579887e-05,0.001067600691825535
2025-06-02 07:45:00,-0.0004937641099765246,0.001035287185344446
2025-06-02 08:00:00,0.0010128048322894394,0.0010110086856937354
2025-06-02 08:15:00,-0.0009617144789883031,0.0010111165444664696
2025-06-02 08:30:00,0.001445115974767795,0.0010082206855891868
2025-06-02 08:45:00,-0.00028776753480108127,0.0010396249442133825
2025-06-02 09:00:00,-0.0006636095497022772,0.0010104154751378106
2025-06-02 09:15:00,0.00044245529370794,0.000993028561785336
2025-06-02 09:30:00,0.0025488110857158778,0.000968857771948998
2025-06-02 09:45:00,-0.00409843225291447,0.001127896509600995
2025-06-02 10:00:00,0.00010240595210741368,0.0014844697100620397
2025-06-02 10:15:00,0.002858360091588368,0.0014394653589537324
2025-06-02 10:30:00,-3.5169411654251595e-05,0.0015613936829772413
2025-06-02 10:45:00,0.0012916216280211108,0.001513851852889749
2025-06-02 11:00:00,-0.00010181571364651895,0.0015014458939123236
2025-06-02 11:15:00,-0.001239588886960268,0.0014559194250981498
2025-06-02 11:30:00,0.0008152451282058918,0.0014438539145481316
2025-06-02 11:45:00,0.001340312204924154,0.0014140398707626358
2025-06-02 12:00:00,-0.0002543515321435284,0.0014097249515916733
2025-06-02 12:15:00,-0.0004240630390840628,0.0013681983244054798
2025-06-02 12:30:00,-0.00044121640683184775,0.0013305782289210347
2025-06-02 12:45:00,0.0014417167404155648,0.0012945626415671724
2025-06-02 13:00:00,0.0001355840284092683,0.0013038603132776768
2025-06-02 13:15:00,-0.0003729003212864452,0.0012645756581848746
2025-06-02 13:30:00,-6.781500070413014e-05,0.0012294493802244232
2025-06-02 13:45:00,0.0002712324139361016,0.0011921111375544627
2025-06-02 14:00:00,0.0005253035443219695,0.0011577025731018687
2025-06-02 14:15:00,0.002056194903648469,0.001129785537932452
2025-06-02 14:30:00,0.00012678717099868318,0.0012056146519205202
2025-06-02 14:45:00,0.0004731967910914651,0.0011692992716980978
2025-06-02 15:00:00,-1.63891452161369e-05,0.0011395876674359176
2025-06-02 15:15:00,0.0009283511086790353,0.0011048785294821184
2025-06-02 15:30:00,-0.0007430173599964501,0.0010950896391962942
2025-06-02 15:45:00,0.0011649404918621326,0.0010772151719308132
2025-06-02 16:00:00,0.0007261346805466615,0.0010826791565438278
2025-06-02 16:15:00,0.00021832763646745823,0.0010646590069647386
2025-06-02 16:30:00,-0.00035406884479796566,0.0010336096412356082
2025-06-02 16:45:00,-0.0003204560623135344,0.0010058677059331831
2025-06-02 17:00:00,0.00020240524973370462,0.000978378851264344
2025-06-02 17:15:00,7.589140786442555e-05,0.0009498682746109814
2025-06-02 17:30:00,0.00017705755681540864,0.0009211190613123554
2025-06-02 17:45:00,-0.00020235405283037958,0.0008941105459123631
2025-06-02 18:00:00,-0.0008940517308133199,0.0008682882459038672
2025-06-02 18:15:00,-0.0003378184204954993,0.0008698555737239046
2025-06-02 18:30:00,0.00015195643944660705,0.0008474060851231805
2025-06-02 18:45:00,-0.0002026137176418144,0.0008224333980857809
2025-06-02 19:00:00,5.0657278195129415e-05,0.0007989217932590821
2025-06-02 19:15:00,0.0006920590720737264,0.0007746827992344334
2025-06-02 19:30:00,-0.0010804971337541407,0.0007699754402695506
2025-06-02 19:45:00,-0.0008449514655642472,0.0007920472784273965
2025-06-02 20:00:00,0.0020435571749818832,0.000795320775874704
2025-06-03 04:00:00,-0.005396594134679582,0.0009193207187868992
2025-06-03 04:15:00,-0.0002544766701040203,0.0015943134084046634
2025-06-03 04:30:00,0.00088190905093535,0.0015470005275058554
2025-06-03 04:45:00,0.0002712002321823343,0.0015153494014993679
2025-06-03 05:00:00,0.0003558387240910256,0.0014706868307233759
2025-06-03 05:15:00,-0.00033889115140668625,0.0014285453582834327
2025-06-03 05:30:00,0.0007115388173550534,0.001387511500126344
2025-06-03 05:45:00,-0.0003048832151533278,0.0013564859463039295
2025-06-03 06:00:00,-0.00035581460740183286,0.0013172805705929914
2025-06-03 06:15:00,0.0005760173642137047,0.0012801213448937253
2025-06-03 06:30:00,0.00038947074805020766,0.0012491180002009061
2025-06-03 06:45:00,0.000710816283927464,0.0012148165620930443
2025-06-03 07:00:00,0.0003721307913508585,0.0011906082941644646
2025-06-03 07:15:00,0.0004227078728875027,0.0011579309578198126
2025-06-03 07:30:00,0.0004056315231306178,0.0011274204067875135
2025-06-03 07:45:00,0.00015206941153114476,0.0010975811510662448
2025-06-03 08:00:00,0.00011826022331192286,0.001064796143184579
2025-06-03 08:15:00,0.0006586224895895666,0.0010327644967626339
2025-06-03 08:30:00,-0.0011740014946564226,0.0010142156429746897
2025-06-03 08:45:00,0.0006674073164096108,0.0010245058022259417
2025-06-03 09:00:00,0.00010133936874259179,0.001006658513114933
2025-06-03 09:15:00,0.0003714898474023779,0.0009763072571504273
2025-06-03 09:30:00,0.0012316830901519173,0.0009509288044570411
2025-06-03 09:45:00,-0.0011050703603390638,0.0009700681675796305
2025-06-03 10:00:00,0.0009533009820494023,0.000978693590887474
2025-06-03 10:15:00,0.0015755929636350548,0.000977188641919331
2025-06-03 10:30:00,-0.0003506284824052791,0.0010230119132276787
2025-06-03 10:45:00,0.001150113488360527,0.0009955584322830276
2025-06-03 11:00:00,0.0004793843787269383,0.0010055018939469874
2025-06-03 11:15:00,0.0005295786611108375,0.000981916787798826
2025-06-03 11:30:00,0.0005712941648137537,0.0009608007894302188
2025-06-03 11:45:00,0.0005541794507672734,0.0009419832742233604
2025-06-03 12:00:00,0.00010072691263752813,0.0009233197882644624
2025-06-03 12:15:00,0.0006293134398289292,0.0008955316969110903
2025-06-03 12:30:00,0.0005953853618840233,0.0008818279442697814
2025-06-03 12:45:00,0.0001173581016160587,0.0008673132742245506
2025-06-03 13:00:00,0.0004860511790248358,0.0008413826431227585
2025-06-03 13:15:00,-6.702749805605703e-05,0.0008243931173519286
2025-06-03 13:30:00,-0.00011730893320989685,0.0007994473918593619
2025-06-03 13:45:00,-0.0009557424917856296,0.0007756254557183787
2025-06-03 14:00:00,-0.001544531491470212,0.0007875949335420578
2025-06-03 14:15:00,0.001611630949667142,0.0008521866487274036
2025-06-03 14:30:00,0.0003438140754451763,0.0009156910059013299
2025-06-03 14:45:00,-4.1922217523759025e-05,0.0008917808611423141
2025-06-03 15:00:00,-0.0004948149367334933,0.0008646746014432656
2025-06-03 15:15:00,0.00037742337705178925,0.0008470495532701025
2025-06-03 15:30:00,-0.0005368226936499401,0.0008264322557149412
2025-06-03 15:45:00,0.0002852229372131697,0.0008119738746745338
2025-06-03 16:00:00,-0.0005957050681043044,0.0007903319594951778
2025-06-03 16:15:00,-0.00019305100383532243,0.0007800250005720504
2025-06-03 16:30:00,0.0008558555301366983,0.0007577392578131946
2025-06-03 16:45:00,-0.00028520379682130863,0.0007639816602310214
2025-06-03 17:00:00,-2.5168946554994278e-05,0.0007439948728872157
2025-06-03 17:15:00,-0.00024333248147179962,0.0007213561375504873
2025-06-03 17:30:00,0.00027689093610810554,0.0007019159766975001
2025-06-03 17:45:00,1.677880501384756e-05,0.000683904226827516
2025-06-03 18:00:00,0.0003271304398881218,0.0006630824863333758
2025-06-03 18:15:00,0.00038570866058692936,0.0006478568824541513
2025-06-03 18:30:00,0.0002011802581892846,0.0006351863490234383
2025-06-03 18:45:00,-0.0002682493393679905,0.0006178045045835196
2025-06-03 19:00:00,0.00013413366439756603,0.0006025769029882813
2025-06-03 19:15:00,0.00013411567497031396,0.0005851431439994276
2025-06-03 19:30:00,-0.00040038859018306366,0.0005682676921026985
2025-06-03 19:45:00,3.37072292394357e-05,0.0005596169592528362
2025-06-03 20:00:00,-0.0003879533897422099,0.0005426315907285229
2025-06-04 04:00:00,0.0024797693788989428,0.0005346144130286064
2025-06-04 04:15:00,-0.0006361110395619081,0.0007985106052723015
2025-06-04 04:30:00,0.00018417902252995558,0.0007897089785532066
2025-06-04 04:45:00,-0.000753674197212895,0.0007669792495886062
2025-06-04 05:00:00,0.0005192586443419787,0.0007661874619661963
2025-06-04 05:15:00,0.0002511574184172556,0.0007536566895113328
2025-06-04 05:30:00,0.0002510943542073379,0.0007332825541604218
2025-06-04 05:45:00,-0.00033480648498103536,0.000713599333284973
2025-06-04 06:00:00,0.0003180688227299791,0.0006967038760477752
2025-06-04 06:15:00,-0.000519006532716212,0.0006799577781050558
2025-06-04 06:30:00,-3.349354412246046e-05,0.0006713896722957218
2025-06-04 06:45:00,0.0005357621344335106,0.0006509881378268795
2025-06-04 07:00:00,-0.0003180741474389549,0.0006446556337591371
2025-06-04 07:15:00,-0.00040192253484306624,0.0006298541916708121
2025-06-04 07:30:00,0.00046889392134313174,0.0006185513948252442
2025-06-04 07:45:00,3.348401138761133e-05,0.0006106072132936132
2025-06-04 08:00:00,0.0003013056601302838,0.0005920624709705361
2025-06-04 08:15:00,-0.002748589727121767,0.0005787510668754101
2025-06-04 08:30:00,-0.00016784155796370284,0.0008764361692942726
2025-06-04 08:45:00,0.0008556975715291442,0.0008507303830422225
2025-06-04 09:00:00,0.0003021714951856642,0.000851029231923645
2025-06-04 09:15:00,0.000837620783756991,0.0008284166615438155
2025-06-04 09:30:00,0.0008372545240344858,0.0008289717907497801
2025-06-04 09:45:00,0.0002092041463524667,0.0008294710871081259
2025-06-04 10:00:00,-0.0012642597183684364,0.0008058330657018858
2025-06-04 10:15:00,0.0012977283206388978,0.0008404201759364967
2025-06-04 10:30:00,-0.0009961702684290034,0.0008746277124840943
2025-06-04 10:45:00,0.0008957611009875724,0.0008823925031076391
2025-06-04 11:00:00,8.367815707182547e-06,0.0008832003253909494
2025-06-04 11:15:00,-0.0009041289166948961,0.0008562969386286634
2025-06-04 11:30:00,-0.0006700849234389783,0.0008592419485562638
2025-06-04 11:45:00,0.00048581025314610546,0.0008490817103591694
2025-06-04 12:00:00,-0.0016935656950808574,0.0008317716404988681
2025-06-04 12:15:00,9.229775261506963e-05,0.000906875572520933
2025-06-04 12:30:00,0.0009268682231335403,0.0008795391056123244
2025-06-04 12:45:00,0.0004900910856262926,0.0008824504395072458
2025-06-04 13:00:00,0.0008040066763657833,0.000863948498365476
2025-06-04 13:15:00,0.00010882622555364417,0.0008604697504832628
2025-06-04 13:30:00,7.533429597369257e-05,0.0008346821483948366
2025-06-04 13:45:00,0.0003514850278460763,0.0008094647286244595
2025-06-04 14:00:00,-0.00010041168800494055,0.0007895135600873762
2025-06-04 14:15:00,0.00013388001024097036,0.0007658568484341003
2025-06-04 14:30:00,-0.0002175641195143357,0.0007432495818931452
2025-06-04 14:45:00,-0.0007347123081363733,0.0007225751125601254
2025-06-04 15:00:00,9.848411516128557e-05,0.0007233090876225916
2025-06-04 15:15:00,-8.374437870765248e-05,0.0007016889776243648
2025-06-04 15:30:00,-0.0004858557439115942,0.000680621894518728
2025-06-04 15:45:00,-0.0014086398894866904,0.0006705331772059308
2025-06-04 16:00:00,6.712310379764467e-05,0.0007359985309258653
2025-06-04 16:15:00,-1.6444743731742046e-05,0.0007137664449505423
2025-06-04 16:30:00,-0.00013458857618387017,0.0006920339669675756
2025-06-04 16:45:00,-0.00020141325031587315,0.0006717612640224343
2025-06-04 17:00:00,0.00016784719231055192,0.0006531626458507298
2025-06-04 17:15:00,8.39162012820438e-06,0.00063459791696525
2025-06-04 17:30:00,-5.874281975625606e-05,0.0006152689415214608
2025-06-04 17:45:00,-0.0001510688121309487,0.0005966988866331639
2025-06-04 18:00:00,0.00020981163188728985,0.0005797032816800517
2025-06-04 18:15:00,0.000192987829779579,0.0005643879838867022
2025-06-04 18:30:00,-0.0002601227626280186,0.0005492325798065302
2025-06-04 18:45:00,-0.00017625064565934142,0.0005362992375679033
2025-06-04 19:00:00,-0.0002854240665444239,0.0005217506274923679
2025-06-04 19:15:00,0.0,0.0005106645749580875
2025-06-04 19:30:00,1.6792033187369328e-06,0.0004951076747840784
2025-06-04 19:45:00,-0.00011771898242247696,0.00048002487668423813
2025-06-04 20:00:00,0.000804276828385916,0.00046629380741216144
